titulo,area_total,qtd_quartos,qtd_banheiros,vagas_garagem,bairro,cidade,estado,valor
Apartamento Moderno,72.15087735000301,4,1,1,Jardim Europa,São Paulo,MG,718836.8275673531
Apartamento Moderno,71.85562508599543,2,1,0,Alphaville,São Paulo,RS,674358.1069033307
Sobrado com Piscina,121.02861039238199,5,2,2,Jardim Europa,Campinas,SP,921287.2221526933
Apartamento Moderno,132.9570569022186,5,4,2,Centro,Campinas,SP,558710.3675526967
Cobertura Duplex,124.27050977914226,4,4,0,Alphaville,São Paulo,RJ,410900.5457564441
Sobrado com Piscina,69.71266956101546,2,1,0,Vila Nova,Campinas,MG,742625.8078902557
Cobertura Duplex,145.56058656403943,4,1,2,Jardim Europa,Ribeirão Preto,RJ,739381.6737663212
Sobrado com Piscina,108.94935893229406,5,4,2,Alphaville,São Paulo,RJ,828178.6457784636
Apartamento Moderno,50.548206177521784,3,4,3,Vila Nova,Ribeirão Preto,MG,936850.328662182
Sobrado com Piscina,103.36539717557423,2,4,1,Alphaville,Santos,MG,425419.11340847844
Casa Ampla com Quintal,96.53414817274111,3,3,3,Centro,Campinas,SP,623480.1979364268
Sobrado com Piscina,81.93088714933782,4,3,3,Vila Nova,Campinas,SP,558058.2905760203
Casa Ampla com Quintal,120.77183153609175,3,2,0,Centro,Ribeirão Preto,RJ,590151.8177398373
Casa Ampla com Quintal,70.25152113003209,3,1,1,Vila Nova,Campinas,RS,567137.3445151362
Sobrado com Piscina,99.92704228812966,5,4,3,Alphaville,Campinas,RS,552301.3189578763
Apartamento Moderno,144.26003664226272,5,4,3,Centro,Ribeirão Preto,RJ,425119.02020800323
Casa Ampla com Quintal,80.94349686830839,4,1,2,Vila Nova,Ribeirão Preto,RJ,326235.8884801918
Sobrado com Piscina,136.02912422641037,4,1,3,Centro,Campinas,SP,207819.14469998615
Cobertura Duplex,92.16735529682241,4,3,2,Vila Nova,Santos,RS,583473.6610868678
Casa Ampla com Quintal,124.36326870113886,2,3,3,Alphaville,São Paulo,MG,771644.1224735627
Apartamento Moderno,129.09755129139054,2,1,1,Alphaville,São Paulo,RJ,289921.4462554831
Apartamento Moderno,99.71951364675247,2,3,1,Jardim Europa,Campinas,RJ,759020.9835961165
Sobrado com Piscina,135.4470437877231,3,4,1,Vila Nova,Santos,RJ,847123.0023813704
Cobertura Duplex,145.85039310791495,3,3,3,Vila Nova,Campinas,MG,584279.8300279521
Casa Ampla com Quintal,132.76108555549058,2,4,2,Jardim Europa,Ribeirão Preto,SP,565942.5079696372
Sobrado com Piscina,94.83867140796372,5,3,3,Jardim Europa,Santos,SP,885576.5739962746
Casa Ampla com Quintal,121.07908470733673,4,4,3,Jardim Europa,Campinas,MG,312138.3710489107
Apartamento Moderno,65.65615722106004,4,1,3,Alphaville,Santos,RS,648314.3785786785
Apartamento Moderno,102.33627992717182,4,4,3,Centro,Campinas,MG,625511.1970150019
Casa Ampla com Quintal,60.33829134293552,2,1,0,Alphaville,São Paulo,MG,529986.9535243982
Casa Ampla com Quintal,71.69499606048937,2,3,0,Vila Nova,São Paulo,RJ,253935.20997506657
Apartamento Moderno,122.53615151732873,5,3,1,Centro,São Paulo,MG,954479.2176914079
Cobertura Duplex,67.95978796609617,4,4,1,Vila Nova,Campinas,SP,232261.7786901847
Casa Ampla com Quintal,56.213311605515955,4,3,3,Alphaville,Ribeirão Preto,RS,541626.939284191
Apartamento Moderno,91.11448872985403,3,4,2,Centro,São Paulo,RJ,512349.74414956174
Apartamento Moderno,131.32418345520426,2,3,3,Jardim Europa,São Paulo,RJ,423531.27455879946
Apartamento Moderno,100.18656819748023,4,3,0,Alphaville,Santos,SP,615011.5700199747
Sobrado com Piscina,87.21254823939407,2,4,0,Vila Nova,Ribeirão Preto,MG,494493.54158204707
Apartamento Moderno,144.1508877360086,4,2,1,Centro,São Paulo,SP,367581.5324570015
Casa Ampla com Quintal,92.79151904586593,4,4,2,Alphaville,Campinas,RJ,994103.9730542278
Sobrado com Piscina,78.34230019747488,4,2,0,Alphaville,Ribeirão Preto,SP,684196.8707071736
Sobrado com Piscina,148.08132171629413,2,2,1,Alphaville,Santos,RS,404919.7833042403
Casa Ampla com Quintal,100.89280654894041,4,4,3,Vila Nova,Ribeirão Preto,MG,870380.2345463356
Sobrado com Piscina,148.71709215962758,4,4,3,Centro,Santos,RJ,409683.6570681059
Apartamento Moderno,142.83614492775808,4,1,0,Alphaville,Campinas,MG,450961.7340683053
Casa Ampla com Quintal,92.9205214479894,3,1,0,Centro,Campinas,RJ,240403.14795664433
Casa Ampla com Quintal,132.4499397003209,3,4,1,Centro,Campinas,RJ,242468.49687352273
Sobrado com Piscina,137.35558308397066,3,1,0,Vila Nova,Campinas,SP,288570.6564784519
Cobertura Duplex,70.17648425735493,3,3,2,Jardim Europa,Campinas,RS,655401.8808041532
Casa Ampla com Quintal,126.4757224186695,2,3,3,Centro,Santos,MG,806629.5942142496
Apartamento Moderno,138.83453333325767,3,2,2,Jardim Europa,Ribeirão Preto,RJ,307917.90284054866
Cobertura Duplex,72.06237186659578,2,4,0,Centro,Ribeirão Preto,SP,594477.1887647042
Cobertura Duplex,55.51154670853191,5,2,2,Vila Nova,Campinas,MG,317901.80685195234
Apartamento Moderno,92.90804937782565,4,1,3,Jardim Europa,São Paulo,MG,361763.1886601407
Sobrado com Piscina,55.405626268338615,2,4,2,Vila Nova,Santos,MG,962426.120944393
Cobertura Duplex,80.13769363692371,4,3,3,Jardim Europa,Ribeirão Preto,MG,384459.50204353157
Casa Ampla com Quintal,76.31360931976666,2,1,3,Centro,Ribeirão Preto,MG,970109.8002007516
Apartamento Moderno,83.98690395049502,4,2,2,Jardim Europa,São Paulo,MG,439973.43290530087
Apartamento Moderno,66.48442920620016,3,3,0,Centro,Ribeirão Preto,RJ,272800.297560091
Casa Ampla com Quintal,71.86307417772458,5,4,1,Alphaville,Santos,RJ,479003.339123961
Casa Ampla com Quintal,63.52533746056126,3,1,1,Centro,Campinas,RJ,964220.335845543
Cobertura Duplex,135.81202870074986,3,2,2,Jardim Europa,Santos,SP,870892.012363222
Apartamento Moderno,135.438069545796,2,3,0,Alphaville,São Paulo,RJ,423545.6959024217
Casa Ampla com Quintal,147.96360161321292,4,3,0,Centro,Campinas,MG,778086.8348485418
Cobertura Duplex,121.83067907913407,4,2,0,Jardim Europa,Ribeirão Preto,SP,465185.4865640692
Cobertura Duplex,135.65798436204133,4,3,2,Vila Nova,São Paulo,MG,304835.9191310317
Sobrado com Piscina,68.52638294752342,5,4,2,Vila Nova,Campinas,MG,667475.5692024524
Sobrado com Piscina,136.05261263792892,4,4,1,Alphaville,Campinas,SP,650584.3618490457
Sobrado com Piscina,134.06921693040545,5,2,0,Jardim Europa,Campinas,MG,503620.97760375886
Cobertura Duplex,119.58537545715285,3,4,3,Jardim Europa,Campinas,RS,404991.24867773044
Cobertura Duplex,142.57904051283924,3,2,3,Jardim Europa,Campinas,MG,669262.3864296959
Cobertura Duplex,130.00587634032587,2,4,2,Vila Nova,Ribeirão Preto,RJ,462278.90808777936
Sobrado com Piscina,51.41924101172047,4,3,3,Centro,Ribeirão Preto,RJ,555126.1157263138
Casa Ampla com Quintal,133.89094759965894,2,2,1,Jardim Europa,Santos,MG,524304.6224828531
Sobrado com Piscina,107.4227232505857,5,4,3,Vila Nova,Campinas,SP,816363.2198182559
Cobertura Duplex,114.21716849166539,2,3,3,Vila Nova,São Paulo,RJ,445353.7679601726
Apartamento Moderno,148.72036151077228,2,3,3,Alphaville,São Paulo,RS,722312.9795663019
Sobrado com Piscina,77.67900476575804,5,1,3,Centro,Ribeirão Preto,RS,639359.4942851609
Apartamento Moderno,80.04089556655016,5,3,3,Vila Nova,Santos,MG,902755.9431689945
Sobrado com Piscina,72.23652304439267,4,2,1,Vila Nova,Santos,RS,892394.3472955301
Apartamento Moderno,105.91783252318251,5,1,3,Centro,Campinas,RJ,605921.5196316405
Apartamento Moderno,85.71705737998397,4,2,0,Alphaville,Campinas,SP,836845.5624610264
Cobertura Duplex,51.35708568920695,4,1,1,Jardim Europa,Campinas,RJ,931413.7941108919
Casa Ampla com Quintal,62.6915266069431,4,3,1,Vila Nova,São Paulo,MG,602595.6881431099
Cobertura Duplex,101.3478819631481,4,4,2,Alphaville,Campinas,MG,344003.58084817196
Cobertura Duplex,134.3346793307917,2,4,2,Alphaville,Ribeirão Preto,RS,932650.1511979582
Sobrado com Piscina,128.58054181165681,3,2,2,Vila Nova,São Paulo,RS,456563.1547515062
Apartamento Moderno,114.18363006602421,5,4,2,Alphaville,Ribeirão Preto,MG,875135.6427686382
Apartamento Moderno,143.31607199441152,2,4,1,Alphaville,Santos,SP,872497.4185057484
Cobertura Duplex,107.70575423190257,4,1,2,Vila Nova,Ribeirão Preto,RJ,679008.6109892221
Apartamento Moderno,148.37781723957588,2,4,2,Centro,Campinas,RS,447096.7442840851
Apartamento Moderno,124.11308307937622,4,1,0,Centro,Ribeirão Preto,RJ,505916.91402344505
Casa Ampla com Quintal,58.34584227974623,4,1,3,Centro,São Paulo,RJ,747599.6033881757
Cobertura Duplex,142.8341106687601,2,4,2,Jardim Europa,Campinas,SP,224710.4512756322
Sobrado com Piscina,114.0642903302333,4,3,2,Vila Nova,Santos,RS,936455.6371827443
Apartamento Moderno,65.6681408094941,4,4,2,Centro,São Paulo,SP,915111.9253660179
Apartamento Moderno,56.16269161342069,2,1,2,Vila Nova,Santos,RS,798036.6566384922
Cobertura Duplex,131.792096268173,5,2,3,Jardim Europa,São Paulo,MG,982988.5969503903
Sobrado com Piscina,105.7113296678827,4,3,2,Jardim Europa,Santos,RJ,364116.47924182226
Casa Ampla com Quintal,107.48388039550659,4,3,2,Centro,Ribeirão Preto,MG,972333.4514709326
Cobertura Duplex,58.41390309982609,3,3,2,Vila Nova,São Paulo,MG,251294.52238162456
Sobrado com Piscina,135.11937284118414,5,1,0,Alphaville,Ribeirão Preto,MG,324937.43794601434
Casa Ampla com Quintal,124.4403134918342,3,1,2,Vila Nova,São Paulo,RS,825942.3926519484
Sobrado com Piscina,125.43826787094797,4,2,3,Jardim Europa,Campinas,SP,801856.0975574384
Sobrado com Piscina,94.91737260253268,5,1,3,Jardim Europa,Campinas,RS,268243.5565517938
Sobrado com Piscina,84.58505988993093,3,1,1,Alphaville,Santos,RS,362632.4051274237
Sobrado com Piscina,82.7312084436937,4,2,3,Vila Nova,São Paulo,SP,404877.5175220865
Apartamento Moderno,118.789409158827,3,2,0,Jardim Europa,Campinas,RS,735112.921128459
Cobertura Duplex,69.62816594051866,5,3,0,Alphaville,Santos,MG,702895.0130162167
Casa Ampla com Quintal,81.71774168431637,4,2,0,Alphaville,Campinas,MG,205318.77433561895
Sobrado com Piscina,76.75273782655616,4,2,3,Jardim Europa,Ribeirão Preto,SP,231659.10624310185
Sobrado com Piscina,80.45767709577393,5,4,2,Alphaville,Campinas,RJ,645691.1618518205
Cobertura Duplex,103.8861991041748,5,2,1,Vila Nova,Ribeirão Preto,RS,787509.3839832132
Apartamento Moderno,83.20151495910062,4,2,0,Alphaville,Ribeirão Preto,RJ,368296.0724163491
Casa Ampla com Quintal,74.91615223921087,3,1,0,Alphaville,Santos,MG,650213.9301769404
Casa Ampla com Quintal,145.28456742344073,4,3,3,Vila Nova,Ribeirão Preto,SP,698461.6713355412
Cobertura Duplex,80.52941161431768,2,3,3,Vila Nova,Campinas,SP,592453.9301600646
Casa Ampla com Quintal,87.21043701494469,4,1,0,Centro,São Paulo,RS,982981.3386204651
Cobertura Duplex,142.15091910281427,2,1,3,Jardim Europa,São Paulo,MG,811295.3395499217
Sobrado com Piscina,68.7790513353383,5,3,2,Alphaville,São Paulo,SP,674679.945520073
Cobertura Duplex,94.14805173994591,5,2,3,Vila Nova,Ribeirão Preto,RJ,292423.5372289553
Apartamento Moderno,125.87856858563971,4,1,1,Jardim Europa,São Paulo,MG,236420.85588446565
Cobertura Duplex,98.80441767870357,4,3,0,Vila Nova,Ribeirão Preto,SP,526353.0235478594
Apartamento Moderno,135.61380630303472,2,3,1,Jardim Europa,Ribeirão Preto,RS,751566.0292890418
Sobrado com Piscina,64.37795760986015,2,4,0,Vila Nova,Santos,RJ,365304.47509036463
Cobertura Duplex,56.052382805907044,3,1,1,Alphaville,Campinas,MG,959742.2251293247
Sobrado com Piscina,107.57114492434962,4,1,1,Jardim Europa,São Paulo,RJ,898943.3510115318
Casa Ampla com Quintal,142.32935275527782,2,1,2,Vila Nova,Santos,MG,708997.067462642
Casa Ampla com Quintal,125.26576776103768,3,2,3,Vila Nova,Ribeirão Preto,SP,524659.9496376114
Sobrado com Piscina,138.34657850176228,2,3,1,Jardim Europa,Santos,RJ,728742.5862675323
Cobertura Duplex,142.85114729584058,5,3,3,Vila Nova,Campinas,MG,715877.1527210604
Cobertura Duplex,111.92121665718155,3,3,2,Alphaville,Ribeirão Preto,MG,887962.8013529999
Apartamento Moderno,129.08914425825373,5,4,2,Alphaville,Santos,SP,466782.72707975557
Sobrado com Piscina,124.3888367169966,3,4,1,Centro,Campinas,RJ,819532.4515295612
Cobertura Duplex,101.50423150858906,5,3,0,Jardim Europa,Ribeirão Preto,RS,370316.04266497784
Sobrado com Piscina,142.34024035786973,3,2,3,Alphaville,Santos,RS,723969.3418584969
Sobrado com Piscina,85.1322390642631,2,2,3,Alphaville,Ribeirão Preto,MG,327060.0452690417
Sobrado com Piscina,58.52230327954021,3,1,0,Alphaville,Santos,RJ,784154.4857224998
Sobrado com Piscina,62.226838474484346,2,1,1,Centro,Campinas,RS,389821.5615491695
Apartamento Moderno,69.67862996527704,4,2,3,Vila Nova,São Paulo,RS,613288.3674504167
Sobrado com Piscina,66.86273063731774,2,2,0,Jardim Europa,Santos,SP,802131.5548225911
Sobrado com Piscina,136.14174968063543,5,1,2,Jardim Europa,Santos,RJ,307396.5212173088
Apartamento Moderno,131.70709593374295,2,4,0,Vila Nova,São Paulo,RS,297299.43750842585
Sobrado com Piscina,86.93501669955438,3,2,1,Alphaville,Campinas,RS,245994.5096639509
Apartamento Moderno,115.05759711967728,4,1,1,Vila Nova,São Paulo,MG,666559.3360864525
Sobrado com Piscina,125.04816416054203,4,2,2,Vila Nova,São Paulo,RJ,777739.3295309513
Casa Ampla com Quintal,70.52019258880517,3,3,1,Alphaville,Ribeirão Preto,MG,576570.8347403038
Casa Ampla com Quintal,75.56451393958679,5,4,1,Jardim Europa,Santos,RJ,337897.3260638248
Casa Ampla com Quintal,68.11850087615686,2,2,2,Vila Nova,Campinas,RS,861775.7097193651
Casa Ampla com Quintal,123.73871385052415,4,4,0,Jardim Europa,Santos,MG,303725.5445359276
Cobertura Duplex,54.21804017547909,2,1,0,Jardim Europa,Campinas,RS,765264.4846176684
Sobrado com Piscina,57.0244970565847,3,2,2,Vila Nova,Campinas,MG,542440.2113312928
Casa Ampla com Quintal,116.3873042063831,5,2,1,Jardim Europa,Ribeirão Preto,RS,938989.5185350542
Cobertura Duplex,129.74265259391845,3,3,2,Alphaville,Campinas,RJ,240042.10269763425
Apartamento Moderno,58.9773299247786,4,4,3,Jardim Europa,São Paulo,MG,845578.2431539466
Apartamento Moderno,106.5613715506847,2,2,0,Jardim Europa,Ribeirão Preto,RS,935870.5208445201
Cobertura Duplex,135.08555434119583,3,4,0,Centro,Ribeirão Preto,RJ,836454.4779291956
Cobertura Duplex,89.10063389203498,5,4,3,Centro,Santos,RJ,503134.11442604696
Cobertura Duplex,71.40550946155524,4,1,0,Vila Nova,São Paulo,RJ,200864.99580304994
Sobrado com Piscina,67.92861460054041,4,3,1,Alphaville,Campinas,SP,598459.4835233941
Cobertura Duplex,61.83201698728264,2,2,1,Vila Nova,Campinas,RS,793546.5319503831
Apartamento Moderno,106.43687322745316,5,3,3,Vila Nova,Campinas,MG,476088.8226258014
Apartamento Moderno,89.32407112867304,5,3,0,Jardim Europa,Campinas,RJ,294989.9329226401
Casa Ampla com Quintal,135.14675444434843,3,2,3,Jardim Europa,São Paulo,RJ,706292.4388651579
Apartamento Moderno,127.36872777730626,5,1,2,Jardim Europa,Campinas,MG,569735.0015418129
Cobertura Duplex,58.347687776521006,3,4,1,Jardim Europa,Santos,SP,609500.1839015989
Cobertura Duplex,118.60899093270653,3,4,3,Alphaville,Santos,MG,424610.6509996685
Cobertura Duplex,52.919606504939495,3,4,0,Centro,Campinas,RS,373976.33762146975
Cobertura Duplex,118.46729858428986,5,1,1,Jardim Europa,Ribeirão Preto,RJ,409500.5276699392
Apartamento Moderno,123.82354390853405,4,2,0,Centro,Ribeirão Preto,RS,825253.9865758703
Apartamento Moderno,126.0464683726694,2,2,1,Vila Nova,Santos,SP,775350.8183215914
Casa Ampla com Quintal,143.99958360562795,4,1,0,Alphaville,Ribeirão Preto,RS,512783.8493056987
Casa Ampla com Quintal,80.30454117409022,2,4,3,Alphaville,Campinas,RS,571526.2077777758
Sobrado com Piscina,62.12641635869668,2,1,0,Vila Nova,São Paulo,MG,736368.2882069888
Cobertura Duplex,116.70486555132257,2,3,2,Alphaville,Santos,RS,719124.0610984645
Sobrado com Piscina,69.3716646423095,3,1,3,Jardim Europa,Ribeirão Preto,RS,757072.0670334422
Casa Ampla com Quintal,99.1574739356468,3,1,1,Alphaville,Campinas,SP,524382.97530768
Sobrado com Piscina,83.16508199396407,4,1,1,Vila Nova,Campinas,RS,741547.3620641589
Casa Ampla com Quintal,80.73992506883452,4,1,1,Centro,Campinas,RS,821119.6211781169
Cobertura Duplex,103.97855938773705,2,2,1,Vila Nova,São Paulo,RJ,986178.4921219597
Casa Ampla com Quintal,67.9582662915637,2,1,3,Alphaville,Santos,SP,201146.39251908573
Sobrado com Piscina,99.25004265368943,3,2,1,Jardim Europa,Campinas,RS,645180.8973146877
Casa Ampla com Quintal,51.09618485040164,2,1,2,Alphaville,São Paulo,RS,399305.8761309014
Casa Ampla com Quintal,85.87813220840451,2,1,1,Vila Nova,Santos,RJ,956408.4031605785
Sobrado com Piscina,149.44976896617004,3,1,2,Vila Nova,Ribeirão Preto,MG,957770.1230530646
Casa Ampla com Quintal,64.85429282260029,2,1,0,Alphaville,Ribeirão Preto,RS,502553.788829134
Apartamento Moderno,100.39566997837977,2,2,2,Vila Nova,Santos,RS,728766.0660960026
Apartamento Moderno,81.5482458138608,5,4,1,Centro,Santos,SP,440807.2990517546
Casa Ampla com Quintal,119.62938185323948,3,1,0,Centro,Ribeirão Preto,RS,455311.965960267
Casa Ampla com Quintal,128.05276353136156,4,4,2,Centro,Campinas,RS,680280.7757730691
Casa Ampla com Quintal,125.81084462571371,3,3,2,Vila Nova,Santos,SP,406936.705798349
Apartamento Moderno,92.68273159240084,2,3,3,Centro,Ribeirão Preto,RJ,258598.26038498664
Apartamento Moderno,142.35787138631062,2,3,2,Jardim Europa,Ribeirão Preto,RS,616024.3107056475
Casa Ampla com Quintal,138.76462992251498,2,1,2,Centro,Santos,MG,888765.6651964848
Casa Ampla com Quintal,124.26693659786416,5,2,3,Jardim Europa,Ribeirão Preto,RJ,410337.1637932243
Apartamento Moderno,70.1272000449284,4,1,0,Jardim Europa,Campinas,RJ,212543.61339670586
Cobertura Duplex,72.93585660569104,3,3,2,Centro,Campinas,MG,703854.5840647902
Sobrado com Piscina,139.940026497814,3,3,2,Centro,Campinas,RS,317064.6780104655
Apartamento Moderno,56.77748091150401,4,4,2,Alphaville,São Paulo,MG,593299.8619805875
Sobrado com Piscina,143.35544225537117,3,4,0,Jardim Europa,São Paulo,MG,273622.158493105
Casa Ampla com Quintal,141.75673840456346,3,3,3,Centro,Ribeirão Preto,RS,751707.5642344792
Cobertura Duplex,145.89191625061096,3,3,0,Jardim Europa,São Paulo,RS,666805.6484311614
Cobertura Duplex,86.93876211538765,5,1,3,Jardim Europa,Santos,SP,599794.1405702876
Apartamento Moderno,100.71678723168311,3,4,1,Vila Nova,São Paulo,RJ,603791.6522808061
Sobrado com Piscina,60.581191769161215,4,2,1,Alphaville,São Paulo,RS,615513.5512872376
Casa Ampla com Quintal,73.62877105142017,5,1,0,Alphaville,Ribeirão Preto,RJ,694568.9586477345
Casa Ampla com Quintal,81.60510764895182,4,1,3,Alphaville,São Paulo,RJ,713227.6017894787
Casa Ampla com Quintal,84.86937768774085,5,2,2,Alphaville,Ribeirão Preto,RS,454928.66928983165
Cobertura Duplex,68.84584947379277,5,4,2,Alphaville,Ribeirão Preto,RS,393951.8257844836
Cobertura Duplex,73.17244889922164,4,1,1,Centro,Ribeirão Preto,SP,631876.5243801916
Casa Ampla com Quintal,53.90218193052776,3,4,3,Vila Nova,Campinas,MG,862571.1437198902
Casa Ampla com Quintal,116.2087573993348,4,4,3,Vila Nova,Ribeirão Preto,SP,264671.36027360725
Cobertura Duplex,74.78744389473938,5,4,1,Alphaville,Campinas,SP,512140.4531257962
Casa Ampla com Quintal,110.66770535028074,2,1,1,Centro,Ribeirão Preto,RS,837037.9349938141
Casa Ampla com Quintal,79.42104413601524,4,2,3,Jardim Europa,Ribeirão Preto,RS,240938.02242197943
Apartamento Moderno,128.71992774169436,2,3,0,Centro,Ribeirão Preto,RS,723441.879599554
Casa Ampla com Quintal,72.89643502977503,2,1,1,Jardim Europa,São Paulo,SP,412800.0942393699
Sobrado com Piscina,61.55294581819338,2,1,2,Alphaville,Campinas,SP,702632.1435066194
Cobertura Duplex,91.49121323477706,3,1,2,Alphaville,Santos,SP,516457.13814218494
Casa Ampla com Quintal,79.62271769325763,4,4,3,Vila Nova,Ribeirão Preto,RJ,848741.2937379917
Casa Ampla com Quintal,141.20935882018313,5,1,0,Vila Nova,Campinas,MG,822837.3582654909
Casa Ampla com Quintal,52.28011039135186,2,2,1,Centro,Santos,SP,722719.4710374766
Cobertura Duplex,63.52002833426531,2,4,0,Centro,Santos,RS,434347.00130272814
Cobertura Duplex,133.50269229518193,5,3,2,Jardim Europa,Ribeirão Preto,SP,952229.000591639
Casa Ampla com Quintal,145.0957579682895,2,3,0,Vila Nova,São Paulo,SP,861266.8895094928
Sobrado com Piscina,51.31850897444882,2,3,3,Jardim Europa,São Paulo,MG,937833.2722424594
Casa Ampla com Quintal,74.06835868094535,4,2,2,Centro,Santos,MG,506500.35864659684
Cobertura Duplex,66.95221614305208,2,3,3,Vila Nova,São Paulo,RJ,536947.8931236023
Sobrado com Piscina,108.52435269454841,3,1,1,Centro,São Paulo,RS,543614.6455202118
Apartamento Moderno,101.80617040321383,3,2,1,Centro,São Paulo,RS,816114.8027896965
Sobrado com Piscina,102.30825965132213,2,4,1,Jardim Europa,São Paulo,SP,602608.9173532559
Cobertura Duplex,56.5202392816316,4,1,0,Alphaville,Campinas,MG,430635.6467649571
Cobertura Duplex,120.29481962688784,2,3,2,Vila Nova,São Paulo,SP,885421.1875223772
Sobrado com Piscina,135.8748940440385,4,3,1,Jardim Europa,São Paulo,MG,784958.2019049553
Apartamento Moderno,74.20587258261514,2,3,1,Alphaville,Santos,RJ,288995.98351438076
Apartamento Moderno,73.45106887656692,4,2,2,Vila Nova,São Paulo,RJ,794429.0659612594
Casa Ampla com Quintal,103.32437892698672,2,2,2,Centro,Ribeirão Preto,MG,647408.1040445571
Cobertura Duplex,144.80122931204411,3,3,1,Centro,Campinas,RS,404054.6635889057
Casa Ampla com Quintal,143.04022866482433,3,1,0,Alphaville,Ribeirão Preto,SP,647053.0612910279
Casa Ampla com Quintal,110.72673986264078,2,3,3,Vila Nova,São Paulo,RJ,705618.8639867189
Casa Ampla com Quintal,104.75834649153362,3,2,3,Centro,São Paulo,MG,821432.0406600261
Sobrado com Piscina,98.88296624116725,3,4,2,Jardim Europa,Ribeirão Preto,RS,292908.10469487216
Casa Ampla com Quintal,67.39480661797529,5,4,2,Centro,Santos,SP,236483.86881907654
Apartamento Moderno,52.98066074182947,5,4,0,Jardim Europa,São Paulo,SP,318509.3031327204
Sobrado com Piscina,66.9531511324985,4,4,0,Centro,São Paulo,MG,846885.0368705787
Casa Ampla com Quintal,92.95278768599931,5,4,0,Centro,Santos,SP,978235.5701324213
Apartamento Moderno,98.95021374755275,3,4,2,Jardim Europa,Santos,SP,585535.7858678076
Sobrado com Piscina,120.91759852785145,3,2,1,Jardim Europa,Campinas,RJ,804694.7291340289
Casa Ampla com Quintal,57.20854546523982,4,1,3,Jardim Europa,Campinas,SP,382017.0700087459
Cobertura Duplex,52.69948654836215,2,3,1,Centro,Campinas,MG,954089.5362543382
Apartamento Moderno,136.75327301268507,5,1,0,Alphaville,Santos,RS,210902.71217225702
Sobrado com Piscina,60.86925588667369,2,1,3,Jardim Europa,Santos,RS,892724.8095900615
Cobertura Duplex,54.814498923099364,2,2,3,Alphaville,Ribeirão Preto,MG,607271.9527678414
Cobertura Duplex,52.09321323073874,2,1,3,Vila Nova,Campinas,RJ,790805.1871717758
Cobertura Duplex,105.00360247692214,2,4,0,Alphaville,Ribeirão Preto,SP,792277.6947404543
Casa Ampla com Quintal,148.85151861407326,2,1,2,Alphaville,Campinas,RJ,913088.6705291183
Cobertura Duplex,90.54987280727,3,4,2,Alphaville,Santos,SP,209465.247879153
Apartamento Moderno,78.49309689017643,4,2,2,Centro,São Paulo,SP,485397.56522495655
Sobrado com Piscina,87.33001873713411,2,1,0,Centro,Campinas,MG,388972.0358529497
Casa Ampla com Quintal,103.39533174451859,5,1,2,Jardim Europa,São Paulo,RS,589660.3505595196
Casa Ampla com Quintal,114.23054932876113,4,2,2,Vila Nova,Ribeirão Preto,RS,249522.24913461728
Cobertura Duplex,111.13161167664924,3,2,0,Alphaville,Campinas,MG,677749.9317875833
Apartamento Moderno,79.42816134117882,5,2,0,Centro,Campinas,MG,723098.2026044179
Sobrado com Piscina,116.92929699622326,2,4,0,Vila Nova,Campinas,RJ,509941.4146900329
Sobrado com Piscina,72.12164915019429,5,1,3,Jardim Europa,Ribeirão Preto,MG,280799.7927208635
Apartamento Moderno,89.80921588046208,4,3,3,Alphaville,Campinas,MG,309662.8178409495
Sobrado com Piscina,147.1190155889682,2,4,1,Jardim Europa,São Paulo,MG,315595.3111170982
Cobertura Duplex,128.44707249385394,3,3,2,Centro,Santos,SP,637857.0029987878
Sobrado com Piscina,50.036781833191355,2,1,2,Vila Nova,Ribeirão Preto,RJ,437141.15452397283
Casa Ampla com Quintal,128.20379004309308,4,1,2,Jardim Europa,São Paulo,RS,607231.4467981542
Apartamento Moderno,75.0430171748514,4,2,3,Alphaville,Santos,RS,859640.5240655711
Apartamento Moderno,108.42253902002,2,3,3,Vila Nova,Ribeirão Preto,RJ,900438.7583518155
Casa Ampla com Quintal,111.54315104433681,2,4,2,Alphaville,Campinas,RJ,381035.38267162605
Sobrado com Piscina,104.27517368325456,4,1,0,Alphaville,São Paulo,SP,930328.4967929863
Sobrado com Piscina,108.78673823245714,4,3,0,Centro,Campinas,RJ,402380.90650154586
Casa Ampla com Quintal,117.78884619394032,4,4,2,Jardim Europa,Campinas,SP,264061.84424669784
Apartamento Moderno,128.16382722889603,5,4,2,Centro,Campinas,MG,347757.1600326348
Casa Ampla com Quintal,131.06235079986232,2,3,0,Alphaville,Santos,SP,539530.3093998788
Sobrado com Piscina,63.013320930662516,4,3,3,Alphaville,Ribeirão Preto,MG,361562.8938249543
Cobertura Duplex,64.15792200021792,4,3,3,Jardim Europa,Campinas,RJ,770198.6885403291
Cobertura Duplex,142.93702226468417,4,2,0,Vila Nova,Campinas,MG,630632.5681729515
Apartamento Moderno,79.11153267994692,4,4,2,Vila Nova,Ribeirão Preto,RS,292093.7136689896
Cobertura Duplex,97.78380151489979,2,4,0,Centro,Campinas,MG,930901.2043184116
Sobrado com Piscina,82.66204944967774,2,4,2,Alphaville,Campinas,RJ,920565.9564718958
Sobrado com Piscina,124.09604377521241,2,3,1,Alphaville,Ribeirão Preto,RS,316883.5214116962
Sobrado com Piscina,106.81037744409261,2,2,2,Jardim Europa,São Paulo,SP,954950.5883808554
Cobertura Duplex,99.62668945843734,5,1,2,Alphaville,Ribeirão Preto,RS,357003.0857632054
Sobrado com Piscina,137.88440372970487,3,3,3,Alphaville,Santos,SP,457683.68074739206
Apartamento Moderno,99.0758733315686,3,1,1,Jardim Europa,Campinas,SP,808165.9371679723
Apartamento Moderno,122.00458552704976,3,4,0,Vila Nova,Campinas,MG,714020.0253379468
Cobertura Duplex,136.0674319667713,3,1,3,Jardim Europa,Santos,RS,890021.3839896383
Apartamento Moderno,53.1136232170675,2,4,0,Vila Nova,Ribeirão Preto,MG,923881.6702766637
Apartamento Moderno,114.35187471119315,5,4,3,Alphaville,Santos,RJ,392896.1958231315
Apartamento Moderno,130.4976365125356,5,4,1,Centro,São Paulo,MG,241627.15121888684
Cobertura Duplex,83.45573991536477,2,3,1,Vila Nova,Campinas,MG,278915.17330966995
Casa Ampla com Quintal,103.5290048395342,2,4,2,Centro,São Paulo,RS,831369.2317909814
Casa Ampla com Quintal,82.93825557417982,3,4,0,Alphaville,Santos,SP,229185.3846153984
Cobertura Duplex,127.9130693868444,4,2,2,Vila Nova,Santos,RS,418557.9593913656
Sobrado com Piscina,88.99447446724413,5,2,1,Vila Nova,Campinas,SP,717655.4424161485
Apartamento Moderno,118.01224370004545,4,4,1,Centro,São Paulo,RJ,853450.0455934175
Casa Ampla com Quintal,136.30397824908192,5,3,0,Vila Nova,Santos,SP,521603.8510512659
Sobrado com Piscina,148.8061542804459,2,4,1,Alphaville,São Paulo,RS,846599.7004626006
Apartamento Moderno,131.5575090278284,5,2,2,Jardim Europa,Santos,MG,817305.9769399873
Cobertura Duplex,110.87004086504291,2,2,1,Vila Nova,Campinas,MG,496586.9158083047
Sobrado com Piscina,107.66878731654263,5,3,1,Alphaville,Santos,RJ,543181.7727976078
Cobertura Duplex,107.7928503863781,3,4,2,Vila Nova,Santos,MG,482720.9169895219
Casa Ampla com Quintal,52.68005358585174,5,3,2,Alphaville,Ribeirão Preto,RS,650716.2259890621
Casa Ampla com Quintal,66.46198806217106,2,1,3,Vila Nova,Ribeirão Preto,MG,432841.47577505
Casa Ampla com Quintal,83.19206629745422,3,2,3,Jardim Europa,Campinas,RJ,627816.6349242601
Casa Ampla com Quintal,72.66560428620431,3,3,2,Vila Nova,Santos,RJ,467651.7542845083
Cobertura Duplex,94.1363833718921,5,3,3,Jardim Europa,Campinas,MG,908403.4262135848
Cobertura Duplex,121.72140904749546,2,4,0,Jardim Europa,São Paulo,RS,638874.052705154
Sobrado com Piscina,113.3515591760193,5,4,0,Alphaville,Santos,MG,434388.15604220715
Cobertura Duplex,105.82953375357928,3,2,2,Centro,Campinas,RJ,794923.7610598987
Cobertura Duplex,148.58309235082362,3,2,0,Jardim Europa,Santos,RJ,420760.20317533775
Apartamento Moderno,98.50797213935931,2,3,2,Alphaville,Santos,SP,800669.6004777937
Cobertura Duplex,126.55453802428906,2,1,1,Jardim Europa,Campinas,MG,377755.70407198556
Casa Ampla com Quintal,111.8150248752447,5,1,3,Vila Nova,São Paulo,SP,850043.2386998702
Sobrado com Piscina,149.10794492502532,5,2,0,Jardim Europa,Santos,SP,752886.6646893696
Cobertura Duplex,79.7759579967259,3,4,0,Alphaville,São Paulo,RS,734923.2593614624
Sobrado com Piscina,74.15957723967954,2,4,0,Vila Nova,Campinas,RS,709287.2980078629
Casa Ampla com Quintal,58.206486970552604,5,3,0,Jardim Europa,São Paulo,MG,229149.35361450145
Apartamento Moderno,109.31050976939898,2,4,2,Alphaville,São Paulo,MG,432484.64629656624
Cobertura Duplex,106.87565008181403,3,1,0,Vila Nova,São Paulo,MG,583820.7871264969
Cobertura Duplex,55.29767597599617,2,4,2,Jardim Europa,Campinas,RJ,297535.5712567454
Casa Ampla com Quintal,144.32519649288116,3,1,0,Alphaville,Campinas,RJ,404352.4168959345
Sobrado com Piscina,95.9830207011309,3,2,3,Alphaville,São Paulo,RJ,318319.9451392493
Cobertura Duplex,53.65161099371145,2,3,3,Alphaville,Ribeirão Preto,MG,288835.42835154594
Cobertura Duplex,148.49889878941016,2,1,0,Alphaville,Campinas,MG,261398.49344285473
Sobrado com Piscina,144.5577182963899,3,3,0,Vila Nova,Campinas,RJ,592628.9658590606
Casa Ampla com Quintal,146.0693134722257,4,3,2,Jardim Europa,São Paulo,SP,635512.502992721
Apartamento Moderno,93.61239500065517,2,4,1,Centro,São Paulo,MG,528478.481445828
Sobrado com Piscina,125.67571246330772,2,4,3,Centro,Campinas,RJ,871053.5642521683
Apartamento Moderno,101.32162701450042,3,4,1,Jardim Europa,São Paulo,RS,224536.4048535758
Casa Ampla com Quintal,147.51181558027633,2,2,0,Alphaville,Santos,RJ,719881.3845896558
Apartamento Moderno,61.90440852377097,3,2,1,Alphaville,Ribeirão Preto,MG,261623.8357618254
Cobertura Duplex,91.67407421453203,4,3,3,Vila Nova,Campinas,SP,231238.30921410135
Casa Ampla com Quintal,55.58457556605767,4,3,3,Vila Nova,São Paulo,SP,232259.3529385763
Sobrado com Piscina,114.50775833720495,2,1,2,Vila Nova,Ribeirão Preto,RS,967495.5884837533
Sobrado com Piscina,66.31790335528999,5,2,0,Vila Nova,Campinas,RS,555749.6361748469
Cobertura Duplex,69.22830052476725,4,2,1,Vila Nova,Campinas,RS,352442.2402323392
Cobertura Duplex,141.41266532597282,2,2,1,Alphaville,Santos,RJ,512399.01324810437
Cobertura Duplex,90.12155053626479,5,2,0,Jardim Europa,Ribeirão Preto,MG,580430.768160426
Cobertura Duplex,107.28430629496674,2,4,0,Jardim Europa,Ribeirão Preto,MG,423967.215630993
Cobertura Duplex,104.3974884186967,5,4,0,Vila Nova,Campinas,RS,912806.9131034918
Casa Ampla com Quintal,60.42869191256885,5,2,2,Centro,São Paulo,SP,331852.7352828239
Cobertura Duplex,93.4586219434341,5,1,0,Centro,Santos,RJ,815264.4530535935
Sobrado com Piscina,110.19498420471925,3,3,0,Alphaville,Campinas,MG,619823.7180989338
Cobertura Duplex,53.22216113210999,5,4,2,Centro,Santos,MG,888553.247465097
Apartamento Moderno,86.11162956951522,4,3,0,Jardim Europa,Campinas,RS,940074.1739310734
Sobrado com Piscina,60.54606339947628,5,2,0,Centro,Ribeirão Preto,RS,295322.79046428174
Apartamento Moderno,92.57170908390677,5,3,0,Centro,Campinas,SP,473431.65654518275
Apartamento Moderno,122.21962207380733,2,3,1,Alphaville,Campinas,MG,333965.61233718635
Apartamento Moderno,90.82701372361903,3,1,1,Vila Nova,São Paulo,RS,846307.2947810466
Sobrado com Piscina,62.76890832050023,4,4,0,Jardim Europa,Ribeirão Preto,RJ,996281.9371861723
Sobrado com Piscina,87.70127656667759,5,1,0,Vila Nova,São Paulo,RS,715474.1094495741
Casa Ampla com Quintal,66.54980256759917,5,1,3,Alphaville,Santos,RS,361327.6462470563
Casa Ampla com Quintal,126.79560014758641,5,4,0,Centro,Santos,RS,723625.8058676163
Sobrado com Piscina,62.66824600796156,2,3,3,Centro,São Paulo,RS,703580.0003645591
Apartamento Moderno,90.69209925539258,2,4,1,Alphaville,Campinas,RS,361613.9187133692
Casa Ampla com Quintal,148.8833926628181,5,4,0,Jardim Europa,Santos,RS,833997.3186346291
Casa Ampla com Quintal,99.63764945056278,5,4,0,Jardim Europa,São Paulo,RJ,739741.0573182504
Casa Ampla com Quintal,110.89304323645845,5,4,2,Jardim Europa,Campinas,SP,686821.326282423
Cobertura Duplex,86.16436149142237,3,2,0,Jardim Europa,Campinas,RJ,962568.013436054
Casa Ampla com Quintal,50.28606568560095,3,1,3,Alphaville,Santos,MG,265144.3882305596
Cobertura Duplex,143.44082962029987,5,4,3,Alphaville,Campinas,RS,883386.1959072612
Casa Ampla com Quintal,88.26349559303083,2,4,2,Vila Nova,Santos,RJ,672231.8181379295
Apartamento Moderno,112.37996154278582,5,3,3,Alphaville,Santos,RS,869888.2807521685
Casa Ampla com Quintal,86.72952359882098,5,3,0,Jardim Europa,Ribeirão Preto,SP,312708.3419150525
Sobrado com Piscina,131.3005938164858,4,3,3,Centro,Santos,SP,724884.8249167202
Sobrado com Piscina,85.51529304744324,2,2,2,Alphaville,São Paulo,SP,393001.1805918354
Casa Ampla com Quintal,91.21654227669518,4,4,0,Alphaville,Campinas,MG,704333.5559905511
Sobrado com Piscina,61.78839936167746,2,3,0,Alphaville,São Paulo,RJ,428813.86054335727
Apartamento Moderno,122.99186361263025,4,3,2,Alphaville,Campinas,MG,696977.9647389571
Casa Ampla com Quintal,70.5467523359082,3,1,3,Alphaville,São Paulo,RS,873914.1434109507
Cobertura Duplex,53.05325531867451,3,3,2,Vila Nova,São Paulo,SP,303598.85274349933
Apartamento Moderno,81.27641849333727,2,2,3,Vila Nova,São Paulo,RJ,424068.822625721
Cobertura Duplex,144.9606499043492,4,4,1,Vila Nova,Campinas,RJ,657752.7721396927
Cobertura Duplex,104.22056412760898,4,4,0,Centro,Santos,RS,354776.3343153199
Sobrado com Piscina,92.74024526987999,3,1,0,Vila Nova,São Paulo,RS,704609.3449659043
Sobrado com Piscina,120.69168350085883,3,3,2,Alphaville,Campinas,RS,427799.79251540353
Sobrado com Piscina,126.03003129792737,2,2,1,Jardim Europa,Santos,SP,678339.9368023924
Casa Ampla com Quintal,103.40429186409523,5,1,1,Centro,Santos,RJ,327607.11115334235
Apartamento Moderno,120.46606372886615,3,3,2,Jardim Europa,Santos,RJ,215975.4259381903
Sobrado com Piscina,120.9631185487947,3,1,3,Jardim Europa,São Paulo,RS,604355.1273717784
Sobrado com Piscina,148.60975503210688,5,2,1,Vila Nova,Ribeirão Preto,SP,766327.1869267758
Casa Ampla com Quintal,92.36523093729332,4,1,0,Vila Nova,São Paulo,MG,374863.26815077575
Sobrado com Piscina,51.26061228191319,3,2,2,Centro,Ribeirão Preto,RS,219612.88832490827
Casa Ampla com Quintal,115.12348993838093,4,2,0,Vila Nova,Santos,RJ,329114.9832287643
Sobrado com Piscina,62.781753286700926,3,2,2,Vila Nova,Ribeirão Preto,RS,294289.4151498518
Cobertura Duplex,86.22517393958097,3,3,2,Vila Nova,São Paulo,RJ,486527.2685882663
Sobrado com Piscina,128.79633191046761,5,4,0,Centro,Santos,RS,408778.8192222576
Casa Ampla com Quintal,137.72451466703862,3,4,2,Jardim Europa,Campinas,SP,915112.9344125256
Cobertura Duplex,103.8577647144078,2,4,3,Vila Nova,Santos,RJ,752367.0068231319
Apartamento Moderno,124.8412295695347,5,1,1,Alphaville,Campinas,SP,722985.8218229538
Apartamento Moderno,64.12473808769934,2,1,3,Alphaville,Ribeirão Preto,RJ,215628.0582829819
Sobrado com Piscina,132.2381343262756,3,4,0,Vila Nova,Ribeirão Preto,MG,820228.4604748664
Cobertura Duplex,141.15994869436724,5,2,2,Centro,Ribeirão Preto,SP,912627.5494027677
Apartamento Moderno,142.26219251028445,3,4,3,Alphaville,São Paulo,RJ,259337.17630477532
Sobrado com Piscina,69.17736698025031,3,2,3,Centro,Santos,RS,880164.5348525282
Sobrado com Piscina,50.89836521977236,4,3,1,Vila Nova,São Paulo,RJ,436535.085678636
Cobertura Duplex,74.61323719103304,4,2,0,Vila Nova,Campinas,MG,725363.3538062223
Casa Ampla com Quintal,126.67553233227565,5,4,2,Vila Nova,Ribeirão Preto,MG,572986.4010651062
Casa Ampla com Quintal,112.05951260539905,5,1,0,Jardim Europa,Campinas,RJ,280261.21899908
Sobrado com Piscina,55.49515844399596,2,1,0,Centro,Ribeirão Preto,RJ,588127.3483128642
Apartamento Moderno,58.61386217572255,5,4,2,Alphaville,Ribeirão Preto,SP,558849.6642079037
Cobertura Duplex,98.13348015143873,4,1,2,Jardim Europa,Santos,MG,764301.3498538955
Apartamento Moderno,53.56135697466849,3,4,2,Jardim Europa,Santos,RJ,936074.6228304303
Casa Ampla com Quintal,52.18061819429559,5,2,1,Vila Nova,Campinas,RJ,730194.9674602259
Apartamento Moderno,72.26032759597587,4,2,3,Alphaville,Campinas,SP,757229.9977650142
Sobrado com Piscina,88.43929304431819,3,1,0,Jardim Europa,Ribeirão Preto,MG,720686.6727537037
Apartamento Moderno,52.28375859289811,5,4,1,Alphaville,São Paulo,SP,712007.2410644513
Casa Ampla com Quintal,56.49273183375021,3,1,1,Centro,São Paulo,RS,831541.8406051324
Sobrado com Piscina,75.69020506431485,4,2,2,Alphaville,Ribeirão Preto,RS,217573.5175051223
Cobertura Duplex,115.13215412524305,2,2,2,Vila Nova,Santos,SP,517623.29356272356
Cobertura Duplex,139.70254736029668,4,3,2,Alphaville,Ribeirão Preto,RS,887693.7558374989
Apartamento Moderno,50.358643951572354,4,2,3,Centro,Campinas,RJ,554753.0882111853
Casa Ampla com Quintal,51.7673475388296,3,2,0,Alphaville,Ribeirão Preto,RJ,948017.1003928664
Sobrado com Piscina,120.07487514710321,2,3,3,Vila Nova,São Paulo,RJ,726298.0039347989
Apartamento Moderno,87.04354226569053,4,2,3,Vila Nova,São Paulo,RS,379799.94444733136
Cobertura Duplex,85.93034392779231,3,4,0,Vila Nova,Campinas,RS,750119.0433298122
Casa Ampla com Quintal,79.99532938271074,3,1,2,Centro,Campinas,MG,893618.7620470397
Sobrado com Piscina,129.02576838699773,2,3,0,Vila Nova,Santos,RJ,230074.30412792892
Apartamento Moderno,138.37112900284393,5,1,3,Alphaville,Santos,RJ,328364.4875674564
Casa Ampla com Quintal,108.27341250079809,5,1,2,Vila Nova,Santos,MG,311204.3667269297
Casa Ampla com Quintal,146.92675488504625,2,2,3,Alphaville,Ribeirão Preto,RS,942627.068012904
Cobertura Duplex,129.5801534927027,2,2,0,Jardim Europa,Campinas,RJ,747424.7664855876
Cobertura Duplex,83.92005780877301,3,4,3,Vila Nova,Santos,SP,298481.10785255407
Sobrado com Piscina,63.42728893181203,2,4,1,Vila Nova,Santos,RS,444090.0305543479
Cobertura Duplex,63.39848927746965,4,2,3,Vila Nova,Ribeirão Preto,RJ,273646.7938362574
Casa Ampla com Quintal,85.78614348426073,4,3,0,Alphaville,Ribeirão Preto,SP,823080.5884202314
Apartamento Moderno,90.70578972103745,5,1,3,Alphaville,Campinas,MG,594362.8103698307
Sobrado com Piscina,96.46115176655394,4,4,1,Vila Nova,Campinas,RS,409418.07089391537
Apartamento Moderno,132.52883812187216,5,1,1,Jardim Europa,São Paulo,RS,307369.5850931921
Sobrado com Piscina,69.5236350208423,4,4,3,Alphaville,São Paulo,SP,591015.3212493983
Cobertura Duplex,138.6180489521409,4,4,3,Vila Nova,São Paulo,MG,308082.63973874465
Apartamento Moderno,129.33887855349298,2,3,1,Alphaville,Santos,RJ,579802.3433286427
Casa Ampla com Quintal,111.89912372124888,4,2,0,Alphaville,São Paulo,RS,782896.6925466388
Cobertura Duplex,56.23948294826364,4,4,0,Centro,Campinas,RS,512977.2149699195
Casa Ampla com Quintal,60.033301735365754,3,4,0,Vila Nova,São Paulo,SP,321961.26368705026
Casa Ampla com Quintal,79.58583028669545,3,4,2,Centro,Ribeirão Preto,SP,313780.8216828752
Apartamento Moderno,101.48296673265114,5,3,3,Centro,Santos,RJ,576569.8765055299
Casa Ampla com Quintal,138.23902383107605,3,1,3,Alphaville,Ribeirão Preto,RJ,338573.78769299993
Sobrado com Piscina,120.77521763979128,4,4,2,Jardim Europa,Santos,MG,246071.3408324122
Sobrado com Piscina,62.29732072175037,5,2,0,Centro,Ribeirão Preto,SP,309369.41663020547
Apartamento Moderno,108.69392877682418,3,4,3,Centro,Santos,MG,399049.99947276333
Casa Ampla com Quintal,123.72301127593481,3,4,0,Alphaville,Santos,RS,470123.1295586864
Casa Ampla com Quintal,103.15066700041024,2,3,0,Alphaville,Campinas,SP,937997.7677694168
Apartamento Moderno,73.32719767979319,3,3,3,Centro,São Paulo,RJ,418821.46719868894
Apartamento Moderno,106.21588308082471,5,1,3,Alphaville,Campinas,RS,568024.0515746551
Casa Ampla com Quintal,97.70030760624543,3,3,1,Alphaville,Campinas,SP,690347.6619104532
Sobrado com Piscina,89.04064654121481,2,1,1,Centro,São Paulo,RJ,817348.0564102746
Sobrado com Piscina,101.86005600967432,3,3,2,Vila Nova,São Paulo,RS,867383.6070857986
Sobrado com Piscina,87.25013965151044,5,4,1,Centro,Santos,MG,370296.309650827
Apartamento Moderno,112.67225690960345,3,2,2,Jardim Europa,Campinas,MG,253871.40871699428
Casa Ampla com Quintal,83.84192124692612,4,1,1,Alphaville,Ribeirão Preto,MG,410813.22018162056
Casa Ampla com Quintal,61.7027904268323,2,1,0,Alphaville,Ribeirão Preto,SP,504820.1508223381
Apartamento Moderno,133.20169908922904,4,2,3,Vila Nova,Ribeirão Preto,RJ,243063.16697888938
Cobertura Duplex,50.97423043194775,4,3,1,Alphaville,Ribeirão Preto,RS,808950.9682999484
Apartamento Moderno,55.06496250043716,4,2,2,Vila Nova,São Paulo,SP,455829.54759418836
Casa Ampla com Quintal,60.61365701431135,3,2,3,Jardim Europa,São Paulo,SP,926707.12097465
Sobrado com Piscina,136.73856580825284,4,4,2,Alphaville,Santos,SP,616094.3102142247
Apartamento Moderno,145.80201872589123,2,4,0,Centro,Ribeirão Preto,MG,228515.20889792242
Cobertura Duplex,95.71389895321795,3,1,0,Vila Nova,Ribeirão Preto,SP,858548.7828990221
Cobertura Duplex,76.82577618075811,5,4,2,Jardim Europa,Ribeirão Preto,MG,278604.6807942124
Casa Ampla com Quintal,87.73216789121255,5,4,2,Centro,Campinas,MG,564987.2676648209
Cobertura Duplex,120.60070702104825,3,4,3,Jardim Europa,Santos,SP,228861.87776225232
Apartamento Moderno,130.45491094740646,3,2,0,Alphaville,Santos,RS,991036.6200573725
Apartamento Moderno,114.99410991993156,5,2,2,Vila Nova,São Paulo,RJ,748966.118898928
Casa Ampla com Quintal,133.03394683441314,5,3,0,Centro,São Paulo,MG,856749.8325377275
Apartamento Moderno,108.79532048933855,3,4,3,Alphaville,Campinas,SP,720296.5210156702
Apartamento Moderno,75.33734171566155,2,4,2,Centro,Santos,RJ,648177.8353134802
Cobertura Duplex,101.4857691575238,2,2,0,Centro,Campinas,SP,968964.9787502442
Apartamento Moderno,98.83321577997106,2,4,2,Vila Nova,Campinas,RJ,854381.5430491177
Apartamento Moderno,122.71370872890044,4,4,3,Jardim Europa,Ribeirão Preto,SP,283041.81835293275
Sobrado com Piscina,78.88805570161887,3,2,2,Vila Nova,Santos,RJ,501882.64493605186
Cobertura Duplex,80.82451441213402,5,4,2,Vila Nova,São Paulo,MG,327495.0184795696
Apartamento Moderno,97.04394076795526,2,2,3,Alphaville,Campinas,RS,989782.4527324631
Casa Ampla com Quintal,69.85626931056795,5,2,2,Alphaville,São Paulo,RS,765386.1519709212
Casa Ampla com Quintal,115.7812094058573,3,2,2,Alphaville,Ribeirão Preto,RJ,636963.4141407697
Sobrado com Piscina,110.7895776889354,3,1,2,Alphaville,Ribeirão Preto,RJ,236198.32459369052
Apartamento Moderno,58.82930925229248,2,4,1,Alphaville,Ribeirão Preto,SP,344851.549609217
Apartamento Moderno,115.66471939733299,3,3,2,Centro,Ribeirão Preto,MG,797852.4237023061
Cobertura Duplex,58.25622825862974,3,4,2,Centro,Ribeirão Preto,RJ,569533.3008675468
Apartamento Moderno,57.72636425520861,5,2,3,Jardim Europa,Ribeirão Preto,RS,872722.4543812056
Apartamento Moderno,68.17729779373605,3,1,2,Centro,São Paulo,RS,937214.4906676386
Apartamento Moderno,52.51621302896058,5,1,3,Centro,Ribeirão Preto,RJ,335605.80692016106
Cobertura Duplex,137.13698466864847,2,1,0,Centro,Santos,SP,978054.7599534697
Sobrado com Piscina,116.26746843890739,5,3,2,Alphaville,São Paulo,SP,848297.8660782292
Sobrado com Piscina,109.59424299777172,4,2,2,Vila Nova,Campinas,MG,871749.6419000843
Casa Ampla com Quintal,125.56831930655363,2,4,1,Centro,Campinas,SP,238312.70010717382
Sobrado com Piscina,119.45530043068003,5,1,2,Jardim Europa,Ribeirão Preto,SP,987000.2748611995
Casa Ampla com Quintal,117.40463461972045,3,1,0,Alphaville,São Paulo,MG,266482.51113798213
Apartamento Moderno,117.33135954855128,2,3,1,Alphaville,Campinas,RS,467141.3447041351
Casa Ampla com Quintal,129.021658987993,4,2,0,Vila Nova,São Paulo,MG,797906.8660334119
Cobertura Duplex,66.3338146978746,4,3,3,Jardim Europa,Ribeirão Preto,SP,833793.8946415065
Cobertura Duplex,60.52449426750475,3,1,2,Jardim Europa,Ribeirão Preto,RJ,963875.7454363247
Sobrado com Piscina,148.40481827384554,5,1,3,Jardim Europa,Santos,MG,555012.4327888015
Cobertura Duplex,65.15021346008282,2,3,2,Alphaville,Campinas,RJ,996851.2297922537
Casa Ampla com Quintal,148.67123893087796,5,3,1,Jardim Europa,Ribeirão Preto,MG,438554.6766332068
Sobrado com Piscina,122.32485050036802,5,4,2,Vila Nova,Ribeirão Preto,RS,284336.80565280945
Casa Ampla com Quintal,57.3434106111976,4,4,2,Jardim Europa,Santos,RJ,313596.7276694407
Casa Ampla com Quintal,62.66647850323723,2,2,3,Jardim Europa,São Paulo,SP,420300.0013570172
Apartamento Moderno,129.19262603769823,2,2,3,Vila Nova,Santos,MG,827449.4719529103
Casa Ampla com Quintal,121.82772852563573,4,3,0,Alphaville,São Paulo,RS,944558.5846373783
Cobertura Duplex,148.89717937195778,2,4,1,Alphaville,São Paulo,SP,754210.9094842575
Cobertura Duplex,99.66339148390085,4,1,2,Alphaville,São Paulo,SP,957372.9337891832
Casa Ampla com Quintal,79.69674878311916,4,4,0,Vila Nova,São Paulo,MG,744884.5918098593
Casa Ampla com Quintal,64.86340126415416,5,4,3,Centro,Campinas,SP,983208.188723729
Sobrado com Piscina,123.9784726115171,3,2,3,Alphaville,Ribeirão Preto,MG,965894.7215109314
Sobrado com Piscina,136.66409789367924,5,3,1,Jardim Europa,Campinas,MG,280367.7065012713
Cobertura Duplex,98.04789114351969,3,3,0,Centro,Santos,MG,328628.42153037037
Cobertura Duplex,110.72499941929927,5,2,0,Jardim Europa,Ribeirão Preto,MG,982095.3081544521
Sobrado com Piscina,129.68072550242994,3,3,0,Jardim Europa,Campinas,RS,302449.3259152153
Apartamento Moderno,132.62137911703343,2,1,0,Jardim Europa,Ribeirão Preto,RJ,761640.5828234429
Cobertura Duplex,114.77031957447892,4,3,3,Centro,Santos,SP,206576.0417424748
Casa Ampla com Quintal,64.59571856990843,4,4,3,Jardim Europa,São Paulo,RJ,810185.1710601397
Cobertura Duplex,141.40788811138836,5,2,1,Vila Nova,Santos,RJ,754240.0487270268
Casa Ampla com Quintal,145.90986065594393,2,2,1,Jardim Europa,Ribeirão Preto,SP,302460.4055403422
Casa Ampla com Quintal,65.14251219453237,4,1,0,Centro,Santos,RJ,381141.5371540955
Sobrado com Piscina,103.99865399506814,3,2,1,Jardim Europa,Ribeirão Preto,RS,424531.70272481395
Cobertura Duplex,92.45963812837819,5,4,0,Jardim Europa,Ribeirão Preto,MG,716718.0076644638
Apartamento Moderno,72.3771126756762,2,3,1,Centro,Santos,SP,264370.21742733294
Sobrado com Piscina,55.92430288632971,3,1,1,Vila Nova,Campinas,SP,562284.0010694468
Casa Ampla com Quintal,106.2618212817996,4,3,3,Vila Nova,Santos,SP,220485.3398175847
Sobrado com Piscina,148.95218750484258,3,3,3,Centro,Santos,MG,554359.5613760459
Casa Ampla com Quintal,86.76500540530704,5,4,3,Vila Nova,Santos,RJ,522031.5230897836
Cobertura Duplex,133.82864669557017,2,1,1,Vila Nova,Campinas,MG,434041.7372480966
Apartamento Moderno,82.57792683457755,5,2,3,Centro,Ribeirão Preto,SP,506112.14559895155
Cobertura Duplex,80.94544402043714,3,1,1,Vila Nova,Campinas,SP,600186.080810237
Casa Ampla com Quintal,145.39173616117813,2,4,2,Alphaville,São Paulo,RS,898016.8774501391
Cobertura Duplex,120.82772082396201,2,1,0,Centro,Santos,RS,859414.8293268164
Apartamento Moderno,126.3957745691099,5,3,3,Jardim Europa,Ribeirão Preto,RJ,439587.03894108284
Sobrado com Piscina,56.34885893163653,3,4,2,Vila Nova,Santos,RJ,406562.95733671257
Apartamento Moderno,61.68178480127905,2,3,0,Vila Nova,Campinas,RS,652690.8106031517
Cobertura Duplex,69.36179586631717,3,4,0,Jardim Europa,São Paulo,MG,212078.6558428663
Casa Ampla com Quintal,71.6655164671385,2,1,1,Jardim Europa,Santos,MG,927728.0242068637
Casa Ampla com Quintal,129.41059513542712,3,3,3,Vila Nova,São Paulo,MG,677532.2837587269
Sobrado com Piscina,98.60646906955367,3,1,3,Jardim Europa,Santos,RS,397479.92807805433
Casa Ampla com Quintal,138.03101977722633,2,1,3,Alphaville,São Paulo,RJ,572386.3532231271
Sobrado com Piscina,90.31799291909734,2,1,2,Jardim Europa,Ribeirão Preto,SP,260081.85537953326
Sobrado com Piscina,62.33059043709122,3,3,3,Vila Nova,Santos,SP,752013.364439536
Sobrado com Piscina,111.34589855766527,4,2,0,Vila Nova,Campinas,RS,845291.4186073876
Casa Ampla com Quintal,84.75948970195118,4,2,3,Vila Nova,São Paulo,SP,727453.438148209
Apartamento Moderno,122.04231670697612,4,4,0,Jardim Europa,Ribeirão Preto,RS,581912.6369556295
Cobertura Duplex,105.41263325674491,3,2,1,Alphaville,Campinas,RJ,930552.8780578021
Apartamento Moderno,142.25065930841222,4,2,2,Alphaville,Santos,RJ,289418.4748553438
Casa Ampla com Quintal,51.02547690774689,2,4,2,Centro,São Paulo,RS,287127.2802264325
Apartamento Moderno,141.08001964157572,2,2,3,Vila Nova,Ribeirão Preto,RS,726693.5175563261
Cobertura Duplex,70.75354817671655,3,4,2,Centro,Ribeirão Preto,RS,314692.0141135269
Cobertura Duplex,131.6587297079202,4,3,0,Centro,São Paulo,MG,530273.165749247
Casa Ampla com Quintal,120.87293787459862,2,4,1,Vila Nova,Campinas,MG,243546.81474139364
Cobertura Duplex,122.56216930974213,2,2,2,Centro,Campinas,RJ,947417.9388490419
Cobertura Duplex,139.24618520104622,4,1,3,Vila Nova,São Paulo,MG,628866.3988799618
Cobertura Duplex,119.75152615270493,5,3,1,Vila Nova,Campinas,SP,404132.00093289977
Casa Ampla com Quintal,82.83389135862365,3,2,0,Centro,São Paulo,RS,601373.3931241222
Casa Ampla com Quintal,125.14733617064088,5,4,2,Centro,Campinas,MG,823291.1536723577
Apartamento Moderno,85.41373683134519,2,2,3,Centro,Ribeirão Preto,RJ,245785.9308103818
Apartamento Moderno,80.30788505720554,5,2,1,Centro,São Paulo,MG,414836.6708939449
Apartamento Moderno,91.63354552428646,4,3,1,Centro,São Paulo,SP,942097.5574361223
Casa Ampla com Quintal,72.49683611151892,4,4,3,Alphaville,São Paulo,RJ,418860.2030949224
Cobertura Duplex,109.38522451323556,5,4,1,Centro,Campinas,MG,770922.4971828305
Cobertura Duplex,89.26944058924644,3,1,0,Vila Nova,São Paulo,RJ,438538.9791071331
Apartamento Moderno,58.85806355902158,2,4,2,Jardim Europa,São Paulo,RJ,444653.1542919595
Sobrado com Piscina,63.88928660610229,5,3,0,Alphaville,Santos,MG,336901.43047753355
Sobrado com Piscina,89.97575634759204,3,3,2,Alphaville,São Paulo,SP,457575.8547916487
Cobertura Duplex,97.6658691134802,5,2,1,Vila Nova,São Paulo,RJ,868667.6609136635
Cobertura Duplex,61.7277081202516,4,2,2,Centro,Ribeirão Preto,RS,679876.312517935
Sobrado com Piscina,81.62105388509838,2,1,3,Centro,São Paulo,RJ,524515.100736247
Sobrado com Piscina,116.00063837401005,2,3,3,Vila Nova,São Paulo,RJ,985310.6271299236
Cobertura Duplex,143.78041004883192,4,1,2,Centro,Campinas,SP,737038.8699639861
Cobertura Duplex,133.8461390548143,4,3,2,Jardim Europa,São Paulo,MG,497027.6808494895
Cobertura Duplex,75.656040866917,5,4,0,Vila Nova,São Paulo,RJ,849691.8146939662
Sobrado com Piscina,91.38782356511467,2,2,2,Vila Nova,Santos,RJ,480560.5463534061
Cobertura Duplex,92.44965616397282,3,2,3,Jardim Europa,Campinas,RS,685925.2579615104
Sobrado com Piscina,125.41148944220447,5,4,3,Centro,Campinas,RS,569135.9559236516
Apartamento Moderno,109.27702443149053,2,2,2,Centro,Santos,SP,667225.7237320072
Sobrado com Piscina,71.36607694373251,4,1,0,Vila Nova,São Paulo,SP,446048.7867401283
Apartamento Moderno,138.78205400266825,3,2,0,Vila Nova,Ribeirão Preto,SP,272237.83860616304
Apartamento Moderno,96.69820987925384,2,2,0,Centro,Ribeirão Preto,RS,620082.093380468
Cobertura Duplex,114.06944377996253,5,2,3,Centro,Campinas,SP,222502.7463139196
Apartamento Moderno,89.14091693120452,2,4,0,Centro,Ribeirão Preto,SP,234539.887547154
Casa Ampla com Quintal,139.6002537414111,4,3,1,Vila Nova,Campinas,RJ,724665.9645422964
Casa Ampla com Quintal,145.23377824132893,4,1,3,Centro,Ribeirão Preto,RS,948827.8770766754
Apartamento Moderno,89.02294075998634,4,2,3,Jardim Europa,Campinas,RS,745022.7807716143
Sobrado com Piscina,75.30265933097425,2,2,3,Centro,Santos,MG,661610.0363603742
Sobrado com Piscina,88.50019655526128,2,4,3,Jardim Europa,Santos,MG,844986.3316770218
Sobrado com Piscina,106.18680812244992,3,4,2,Alphaville,Ribeirão Preto,SP,494124.54642084957
Cobertura Duplex,136.02080201085863,3,4,3,Alphaville,Ribeirão Preto,RJ,686135.4585830998
Sobrado com Piscina,129.41520476711082,3,1,0,Jardim Europa,Campinas,SP,423535.9432813049
Cobertura Duplex,115.9894668216348,4,1,3,Vila Nova,Santos,RJ,880922.1140243078
Apartamento Moderno,57.31933333377067,5,1,1,Alphaville,São Paulo,MG,417540.06325442594
Sobrado com Piscina,52.427107608875204,3,4,2,Alphaville,São Paulo,RS,665202.7401466615
Cobertura Duplex,99.80292139035268,4,4,3,Alphaville,Ribeirão Preto,RS,551481.8618400109
Sobrado com Piscina,89.29229905992551,5,2,3,Jardim Europa,Campinas,RS,826601.315227477
Apartamento Moderno,101.26966797101929,2,3,3,Centro,Ribeirão Preto,MG,646938.027236641
Sobrado com Piscina,88.92044067972715,5,2,1,Centro,Santos,MG,897650.5273414297
Casa Ampla com Quintal,103.13741312964169,4,2,2,Centro,Ribeirão Preto,SP,792046.654236584
Sobrado com Piscina,107.3744284749123,4,3,0,Alphaville,São Paulo,RS,792824.410343575
Sobrado com Piscina,61.55927492205963,3,3,2,Vila Nova,Campinas,SP,901942.8553342285
Cobertura Duplex,90.25121845400821,2,4,3,Centro,Santos,SP,437997.71338001476
Apartamento Moderno,69.41942659244489,4,2,1,Jardim Europa,Ribeirão Preto,RJ,981507.1422420355
Apartamento Moderno,54.37819984356138,4,2,1,Alphaville,Campinas,RS,408111.58366578154
Apartamento Moderno,93.02976119535765,4,2,2,Alphaville,Ribeirão Preto,RS,828865.5412404168
Sobrado com Piscina,99.21161440073328,4,4,0,Centro,Campinas,SP,421613.3285456915
Casa Ampla com Quintal,117.9865072256638,3,4,3,Vila Nova,São Paulo,MG,231673.30373607102
Cobertura Duplex,144.11686928149044,4,2,2,Vila Nova,Santos,RJ,343398.7768577116
Sobrado com Piscina,131.104446019126,2,1,0,Alphaville,Campinas,RS,501301.38281799504
Apartamento Moderno,96.68101188845188,3,1,1,Alphaville,Ribeirão Preto,RS,372257.63745480485
Casa Ampla com Quintal,142.73080482510582,5,4,1,Vila Nova,Ribeirão Preto,SP,450191.0194152287
Apartamento Moderno,102.07731578393756,5,3,3,Vila Nova,Campinas,RJ,635053.5513094505
Casa Ampla com Quintal,136.53972250277081,2,4,0,Alphaville,Ribeirão Preto,RJ,917654.9928712932
Cobertura Duplex,93.03179608166334,5,3,3,Vila Nova,São Paulo,RJ,801595.4527340549
Sobrado com Piscina,94.37114792011127,3,4,2,Alphaville,Santos,SP,317252.79979287996
Apartamento Moderno,65.15795361262622,5,1,2,Vila Nova,Santos,RS,992419.9910313562
Apartamento Moderno,81.20146508636698,3,3,0,Vila Nova,Campinas,MG,622101.8806397057
Apartamento Moderno,97.89152364219764,2,1,1,Jardim Europa,São Paulo,MG,478443.3532917144
Casa Ampla com Quintal,125.22533105257665,2,2,0,Jardim Europa,Campinas,RS,910100.0199997984
Sobrado com Piscina,148.80420477545027,5,3,2,Centro,Campinas,RS,549404.933434155
Casa Ampla com Quintal,79.12577081762825,5,4,0,Jardim Europa,Santos,RJ,846073.9253845563
Apartamento Moderno,99.02114375352559,3,2,1,Alphaville,Ribeirão Preto,RS,453119.8908014101
Apartamento Moderno,145.12302630369737,3,3,3,Vila Nova,Santos,RS,540950.3690941823
Apartamento Moderno,93.5960306230746,4,2,0,Jardim Europa,Campinas,RJ,410304.4230009377
Apartamento Moderno,117.48461654308969,5,3,1,Jardim Europa,Ribeirão Preto,RS,917749.618895118
Apartamento Moderno,107.07947321304066,2,2,3,Vila Nova,Ribeirão Preto,MG,528039.5514237867
Casa Ampla com Quintal,139.5925772881311,5,1,1,Jardim Europa,Campinas,MG,555618.7929127599
Sobrado com Piscina,111.38083546510943,2,4,2,Centro,Ribeirão Preto,RJ,922387.0458631597
Sobrado com Piscina,73.59579306905769,2,2,0,Centro,Ribeirão Preto,SP,623897.6247543244
Sobrado com Piscina,130.5993049809553,5,1,2,Vila Nova,Santos,RS,463919.43100131047
Cobertura Duplex,71.7747283274907,5,1,1,Vila Nova,Campinas,MG,212171.47517864365
Apartamento Moderno,91.94052857803275,3,1,2,Centro,Santos,MG,803794.1332548709
Apartamento Moderno,87.20216980509271,5,2,3,Centro,Ribeirão Preto,RJ,738696.0220649521
Casa Ampla com Quintal,93.90455469186598,4,2,0,Alphaville,Santos,SP,566273.7738961305
Casa Ampla com Quintal,73.89830433042849,3,1,2,Jardim Europa,Santos,MG,340328.714935164
Apartamento Moderno,103.85173880309404,3,4,3,Vila Nova,Campinas,RJ,786965.0172858527
Casa Ampla com Quintal,95.0910047652689,3,4,1,Vila Nova,São Paulo,MG,754804.931627331
Sobrado com Piscina,80.425336206911,3,3,2,Centro,Ribeirão Preto,RJ,681884.1841037234
Casa Ampla com Quintal,85.03282333592001,2,2,0,Jardim Europa,Campinas,SP,276839.7352741207
Casa Ampla com Quintal,119.64656837397784,3,3,0,Centro,Santos,RS,602560.6889904635
Sobrado com Piscina,134.03036193569238,3,2,1,Vila Nova,Ribeirão Preto,SP,842358.3198487255
Sobrado com Piscina,74.00073964250173,3,1,0,Alphaville,Ribeirão Preto,SP,778955.96581367
Apartamento Moderno,98.4349848795411,5,3,0,Jardim Europa,São Paulo,SP,807407.8040248766
Casa Ampla com Quintal,58.67863342289695,5,3,0,Alphaville,Santos,SP,331863.1798238343
Apartamento Moderno,73.12208150237797,5,2,1,Alphaville,Campinas,RJ,733143.9441190977
Cobertura Duplex,70.84761950278256,4,2,3,Centro,São Paulo,SP,514350.1165896191
Cobertura Duplex,112.99231344576779,5,3,2,Vila Nova,Campinas,MG,440377.00654471724
Sobrado com Piscina,98.14527595004391,2,3,0,Jardim Europa,São Paulo,MG,745145.368997432
Cobertura Duplex,88.3389479143522,2,4,0,Jardim Europa,São Paulo,RJ,441051.31421912264
Casa Ampla com Quintal,92.77300647992988,5,3,2,Centro,São Paulo,SP,890570.0029308341
Casa Ampla com Quintal,143.25808374036689,3,4,3,Alphaville,São Paulo,RS,832471.629414812
Sobrado com Piscina,114.40526470356531,5,1,2,Jardim Europa,São Paulo,RS,347567.47283526364
Sobrado com Piscina,92.76112916300482,5,4,1,Centro,Campinas,RJ,812374.8935315206
Sobrado com Piscina,105.0466831479739,5,3,0,Alphaville,São Paulo,SP,542041.2181536279
Casa Ampla com Quintal,93.4747071770986,2,4,3,Alphaville,Campinas,MG,871696.2377776448
Casa Ampla com Quintal,65.35090924440453,2,1,1,Jardim Europa,Campinas,RJ,214232.68412883914
Apartamento Moderno,110.08837354500427,3,4,2,Alphaville,Campinas,RS,725983.3355474772
Cobertura Duplex,123.66002166952146,5,1,0,Alphaville,Santos,SP,837809.5909250522
Apartamento Moderno,143.57416574020482,3,3,1,Vila Nova,Santos,MG,855419.0002828425
Cobertura Duplex,71.73550750247472,5,3,0,Alphaville,Santos,SP,781859.9561240489
Apartamento Moderno,130.9229364710797,4,1,2,Jardim Europa,Santos,RS,636966.7997905174
Cobertura Duplex,111.07016140338467,2,2,0,Jardim Europa,São Paulo,RJ,447763.94368339167
Apartamento Moderno,123.3830804081304,3,3,3,Vila Nova,São Paulo,RJ,402636.56075030484
Apartamento Moderno,108.26042169016803,5,3,0,Vila Nova,Santos,MG,779188.7071295222
Sobrado com Piscina,112.70271258326154,4,3,0,Vila Nova,Campinas,RJ,230215.41421414487
Cobertura Duplex,120.9851964810773,2,4,1,Vila Nova,Santos,RS,470133.115885411
Apartamento Moderno,57.873713932587414,2,2,1,Centro,Campinas,MG,961807.6387561302
Cobertura Duplex,65.24951802978698,2,4,3,Vila Nova,São Paulo,RJ,926140.958985496
Apartamento Moderno,52.82599784731627,5,4,2,Vila Nova,Campinas,SP,380854.792007905
Sobrado com Piscina,134.83573887747923,3,1,1,Vila Nova,Campinas,RJ,657398.567255789
Sobrado com Piscina,139.07552656362793,2,1,3,Jardim Europa,Campinas,RS,902069.4268964058
Casa Ampla com Quintal,122.10457019323034,2,4,3,Jardim Europa,Ribeirão Preto,MG,974386.2606735125
Apartamento Moderno,124.96782515888829,5,3,3,Centro,São Paulo,SP,209721.57725243087
Cobertura Duplex,115.43114716593425,3,2,2,Jardim Europa,São Paulo,RS,773099.1624603907
Casa Ampla com Quintal,55.10193609283566,2,2,1,Centro,São Paulo,RS,472418.8166498271
Casa Ampla com Quintal,149.5691996045934,3,2,1,Vila Nova,Ribeirão Preto,RJ,210703.04401898428
Casa Ampla com Quintal,84.76353845826068,4,2,1,Jardim Europa,Ribeirão Preto,RS,920118.6278177403
Apartamento Moderno,124.97731898536424,4,3,0,Vila Nova,Ribeirão Preto,MG,998951.5187819909
Cobertura Duplex,114.11718580334087,4,1,3,Jardim Europa,Santos,MG,554423.2070613994
Apartamento Moderno,88.89959684928952,4,3,3,Jardim Europa,Campinas,SP,474599.93696964055
Cobertura Duplex,129.96479353923837,2,2,0,Alphaville,Ribeirão Preto,RS,471621.0932863723
Sobrado com Piscina,52.709393166233696,2,2,3,Centro,Ribeirão Preto,SP,284955.2960910403
Apartamento Moderno,127.01595983146701,4,1,3,Vila Nova,Santos,MG,478947.4379798352
Cobertura Duplex,128.3803093539999,2,2,1,Jardim Europa,Ribeirão Preto,RS,543132.197460047
Cobertura Duplex,129.1570340494687,4,2,3,Centro,Ribeirão Preto,RS,356960.35958945926
Cobertura Duplex,125.71295551598962,4,1,1,Jardim Europa,Santos,RS,695417.7220795382
Apartamento Moderno,105.81699804340799,3,3,3,Jardim Europa,São Paulo,RS,999242.0087487767
Casa Ampla com Quintal,103.6833146390629,5,3,1,Centro,Ribeirão Preto,RJ,841007.4352511091
Apartamento Moderno,134.5571034550448,3,4,1,Vila Nova,Campinas,SP,332214.7536677903
Apartamento Moderno,108.62100057402634,3,4,3,Alphaville,São Paulo,RJ,545017.2133399316
Sobrado com Piscina,85.17743713900349,3,4,3,Jardim Europa,Santos,RS,454697.85211459675
Apartamento Moderno,142.36024441507428,3,3,1,Vila Nova,Santos,SP,965041.520792726
Sobrado com Piscina,87.55645122168032,4,3,2,Centro,São Paulo,MG,603526.0202855433
Sobrado com Piscina,109.29146437494413,2,1,3,Vila Nova,Santos,MG,492146.3221300387
Sobrado com Piscina,128.55202200384758,3,3,2,Alphaville,São Paulo,RS,475688.49409580167
Apartamento Moderno,115.95542354706403,2,1,3,Vila Nova,São Paulo,MG,890342.2413346266
Sobrado com Piscina,95.66029146027992,2,4,1,Centro,Campinas,MG,271522.38885331556
Apartamento Moderno,122.71052160251912,4,1,0,Centro,São Paulo,MG,978957.0708663506
Sobrado com Piscina,133.21756109975865,5,2,1,Jardim Europa,São Paulo,SP,720619.7955985472
Apartamento Moderno,137.05884020329106,3,4,0,Jardim Europa,São Paulo,MG,285172.15094181534
Casa Ampla com Quintal,74.71592869797499,4,3,0,Jardim Europa,São Paulo,SP,679238.5603203508
Sobrado com Piscina,52.17541614618029,2,3,1,Alphaville,Santos,RJ,846401.6549611
Cobertura Duplex,133.6384889484887,4,2,0,Jardim Europa,Campinas,MG,535957.7370390249
Sobrado com Piscina,92.24923445945616,2,2,0,Centro,São Paulo,RS,780543.8962891643
Apartamento Moderno,121.36929745528097,2,2,3,Alphaville,Campinas,RJ,413487.7327787627
Cobertura Duplex,102.71518418423153,2,3,3,Alphaville,Santos,RJ,533487.4365982173
Cobertura Duplex,125.66260892293798,5,4,2,Vila Nova,São Paulo,RJ,758410.3676164168
Casa Ampla com Quintal,146.6345823412612,2,2,2,Vila Nova,Santos,MG,409476.3484816147
Cobertura Duplex,145.22685874508028,4,1,3,Alphaville,Campinas,MG,559212.148387312
Casa Ampla com Quintal,84.6688100684199,5,3,1,Centro,Campinas,SP,728200.5424419907
Casa Ampla com Quintal,124.59171484328412,5,4,1,Centro,Campinas,RJ,686207.7559259955
Casa Ampla com Quintal,148.05324016799455,3,4,2,Centro,Santos,SP,926866.0958834596
Casa Ampla com Quintal,129.01781997476655,5,4,0,Jardim Europa,Santos,RS,679682.493587595
Apartamento Moderno,77.03727705056558,3,4,2,Centro,Ribeirão Preto,RS,740014.9946149407
Casa Ampla com Quintal,82.77397076923188,4,1,1,Alphaville,Santos,MG,776232.4252472639
Apartamento Moderno,114.04479839311976,2,4,2,Jardim Europa,Santos,SP,383214.20757639967
Apartamento Moderno,135.46781671093757,2,3,1,Vila Nova,Santos,RS,302620.1265924356
Sobrado com Piscina,59.84036936007438,3,4,3,Vila Nova,Ribeirão Preto,MG,233209.58050736005
Cobertura Duplex,61.12061866738712,5,4,0,Centro,São Paulo,RJ,654430.4678350776
Apartamento Moderno,76.74458245391514,2,3,2,Alphaville,Campinas,RS,324810.84664245066
Cobertura Duplex,139.28448371074035,2,4,3,Centro,São Paulo,RS,634507.3652753672
Sobrado com Piscina,101.32793236971935,5,3,3,Alphaville,Campinas,RJ,890921.1302036555
Casa Ampla com Quintal,105.19113902335623,2,3,1,Centro,Ribeirão Preto,MG,273265.75554646994
Cobertura Duplex,88.88111784453096,2,3,2,Alphaville,Santos,RJ,401766.7936433423
Cobertura Duplex,107.03756846847169,3,2,1,Jardim Europa,Campinas,SP,793026.4390874734
Cobertura Duplex,106.57227492602942,4,2,2,Alphaville,Campinas,SP,458642.38230447925
Apartamento Moderno,96.88038153557795,4,4,0,Vila Nova,Campinas,RJ,935136.4045088659
Cobertura Duplex,74.85331445943953,2,2,3,Jardim Europa,Santos,RJ,983865.640491266
Sobrado com Piscina,114.65930270484829,3,2,2,Centro,Santos,RS,353933.2089485399
Sobrado com Piscina,75.25855092849154,2,3,3,Alphaville,Ribeirão Preto,RJ,201338.4959725709
Apartamento Moderno,53.35714078491104,4,4,1,Jardim Europa,Ribeirão Preto,RJ,213568.35137655103
Casa Ampla com Quintal,78.14928553969943,2,2,3,Centro,Santos,RS,509866.5208416721
Cobertura Duplex,52.97245000616924,3,2,0,Jardim Europa,Campinas,RS,525308.6494121166
Apartamento Moderno,123.29668083549687,2,4,1,Jardim Europa,São Paulo,RJ,601377.6521473958
Sobrado com Piscina,144.75211521230187,3,1,3,Centro,Ribeirão Preto,RS,845379.9497254471
Apartamento Moderno,135.7018272459863,4,2,2,Vila Nova,Santos,SP,528744.8300393808
Cobertura Duplex,80.99917698860226,5,2,3,Centro,São Paulo,RS,424306.2865502214
Sobrado com Piscina,81.7765966761359,5,1,1,Alphaville,São Paulo,MG,206735.76154892307
Apartamento Moderno,74.42520862765124,5,2,1,Jardim Europa,Ribeirão Preto,SP,544074.1830748944
Sobrado com Piscina,60.87422867323622,4,1,1,Alphaville,Santos,RJ,583622.6512370504
Apartamento Moderno,94.01767229580892,4,2,3,Alphaville,Ribeirão Preto,MG,321175.7868182125
Apartamento Moderno,115.25316728837699,3,2,0,Alphaville,Campinas,MG,501850.6011930213
Sobrado com Piscina,133.00430681695343,4,4,3,Vila Nova,Santos,MG,221379.2511030162
Apartamento Moderno,70.35948683921852,5,4,1,Jardim Europa,Ribeirão Preto,MG,632482.4314606347
Sobrado com Piscina,78.9024369059429,4,4,3,Alphaville,São Paulo,MG,680316.6981248655
Cobertura Duplex,145.35127625406096,2,3,3,Centro,Ribeirão Preto,RS,842671.7898992385
Apartamento Moderno,103.32713984699936,3,3,2,Centro,Campinas,SP,354595.546206934
Casa Ampla com Quintal,72.00693275397956,2,1,3,Centro,São Paulo,RJ,315924.20936492726
Apartamento Moderno,56.82607076835106,3,4,1,Centro,Ribeirão Preto,RJ,925679.8425343169
Cobertura Duplex,80.11297607530469,5,4,1,Centro,Campinas,RJ,506307.00068243704
Sobrado com Piscina,103.10258449420519,2,2,0,Centro,Ribeirão Preto,MG,466622.6131508919
Sobrado com Piscina,59.05287017613243,4,2,1,Centro,Campinas,SP,450219.8180106566
Apartamento Moderno,93.00734088414083,5,2,3,Jardim Europa,São Paulo,RJ,640699.0654924754
Cobertura Duplex,77.57881124371114,2,4,0,Vila Nova,Santos,RJ,435282.4738716933
Apartamento Moderno,118.93086454214892,2,1,0,Alphaville,Ribeirão Preto,SP,829763.9721822019
Apartamento Moderno,132.1046487862176,3,4,2,Alphaville,Campinas,RS,785683.7107962386
Cobertura Duplex,135.3834083323777,2,1,2,Jardim Europa,Campinas,RJ,936831.5272496125
Apartamento Moderno,80.3874213503999,3,1,1,Vila Nova,São Paulo,RS,637037.7922113325
Casa Ampla com Quintal,119.7557081312807,2,3,0,Alphaville,Campinas,RJ,516390.7596129259
Casa Ampla com Quintal,54.63831274090325,2,1,1,Jardim Europa,Campinas,RS,706164.4679569077
Cobertura Duplex,132.4484607008883,3,3,1,Centro,Santos,SP,420795.4900470283
Cobertura Duplex,107.9680282282376,3,2,2,Vila Nova,Santos,RS,976504.3673468891
Sobrado com Piscina,58.251124542604636,3,3,0,Centro,Santos,RJ,237421.2921053884
Sobrado com Piscina,115.74926798708903,5,4,0,Alphaville,Ribeirão Preto,MG,495896.5517798444
Cobertura Duplex,124.01011424875567,3,1,2,Centro,Santos,RJ,904831.7852680162
Cobertura Duplex,76.14948064499963,5,1,3,Alphaville,Campinas,RS,408659.6800330735
Casa Ampla com Quintal,60.7487068367226,2,2,3,Vila Nova,Ribeirão Preto,RS,706001.0615709686
Cobertura Duplex,134.2081476180428,2,3,3,Vila Nova,Campinas,RJ,979161.0919376687
Apartamento Moderno,135.73223434743596,3,1,0,Alphaville,Santos,MG,312885.54922996275
Apartamento Moderno,79.67806174310336,3,1,2,Jardim Europa,Campinas,SP,503421.40111834696
Cobertura Duplex,85.87168962023989,5,1,2,Vila Nova,Campinas,MG,424506.991538548
Sobrado com Piscina,83.21541642511303,2,3,2,Jardim Europa,Ribeirão Preto,SP,367610.86246060993
Cobertura Duplex,63.498356725543815,3,3,3,Jardim Europa,Campinas,SP,824662.5768170856
Casa Ampla com Quintal,112.11345536076678,2,4,1,Vila Nova,Campinas,MG,409069.92968213535
Casa Ampla com Quintal,63.89518681236734,3,2,1,Centro,Santos,MG,772868.0464607057
Apartamento Moderno,115.53738425196913,4,3,0,Centro,São Paulo,RS,635923.9445087989
Sobrado com Piscina,98.61928776020349,4,4,3,Alphaville,Ribeirão Preto,RS,908266.1247673022
Apartamento Moderno,136.50266115603864,4,2,2,Vila Nova,São Paulo,RS,649226.3967711511
Casa Ampla com Quintal,65.96369388726885,4,4,2,Centro,São Paulo,SP,563266.0232050505
Casa Ampla com Quintal,127.73944147676424,2,2,1,Alphaville,Santos,SP,553990.7256198478
Cobertura Duplex,55.678671114274124,4,4,1,Vila Nova,Santos,SP,980876.4032931536
Cobertura Duplex,73.77300830004197,4,4,0,Jardim Europa,Santos,MG,544221.6788090135
Casa Ampla com Quintal,69.697479032014,4,4,0,Vila Nova,Santos,MG,322885.34773526154
Sobrado com Piscina,63.8945560970029,5,1,2,Alphaville,Campinas,RS,370394.93785292114
Apartamento Moderno,147.45804637653282,5,3,3,Jardim Europa,Campinas,RJ,559121.5981764448
Casa Ampla com Quintal,56.29064125877038,2,1,2,Jardim Europa,São Paulo,RJ,943468.8066010015
Casa Ampla com Quintal,54.639493066299764,3,1,3,Centro,São Paulo,SP,339472.6821961382
Sobrado com Piscina,137.1389837915458,4,1,1,Vila Nova,Ribeirão Preto,MG,725804.4723596743
Apartamento Moderno,73.42700167836088,5,1,2,Centro,Campinas,RS,744572.1129619638
Cobertura Duplex,128.96167147774017,4,2,1,Vila Nova,Campinas,SP,645876.6014598823
Sobrado com Piscina,74.56305119328812,4,4,3,Jardim Europa,Santos,RS,264996.81552518724
Cobertura Duplex,57.78611373228172,4,2,0,Alphaville,São Paulo,RJ,937098.670449416
Apartamento Moderno,63.223681861683154,3,3,3,Jardim Europa,Campinas,RS,715610.3363402647
Sobrado com Piscina,77.78853540302329,3,2,3,Centro,Santos,RS,626148.6533151651
Cobertura Duplex,123.78126317523999,2,3,3,Vila Nova,São Paulo,RJ,693239.9726561994
Apartamento Moderno,144.7350886187837,5,3,2,Alphaville,Ribeirão Preto,RJ,797884.1517484991
Sobrado com Piscina,112.2212388818447,4,3,3,Jardim Europa,Santos,RJ,267301.22742796974
Apartamento Moderno,76.13300555185086,3,3,3,Vila Nova,São Paulo,RJ,470875.2351949773
Cobertura Duplex,143.10505923589284,2,1,3,Alphaville,Campinas,RJ,415519.75511859835
Casa Ampla com Quintal,104.93607980117227,5,3,3,Alphaville,São Paulo,SP,567224.2102157841
Apartamento Moderno,72.02584793686252,3,2,2,Jardim Europa,Ribeirão Preto,RJ,558299.839463063
Apartamento Moderno,100.49064975006934,4,4,1,Centro,Ribeirão Preto,RS,850863.778688998
Cobertura Duplex,113.46971075953212,5,2,1,Centro,Santos,SP,576101.7243107369
Apartamento Moderno,71.10826305752626,3,3,2,Alphaville,Ribeirão Preto,RJ,694758.4171152482
Sobrado com Piscina,125.97701801763748,4,2,3,Vila Nova,São Paulo,RS,726922.7394071188
Casa Ampla com Quintal,121.91874043116712,4,4,0,Centro,Ribeirão Preto,RS,912633.6553908347
Casa Ampla com Quintal,88.87566106267734,2,3,3,Vila Nova,Ribeirão Preto,SP,742172.531095842
Cobertura Duplex,68.34329763177047,5,2,3,Vila Nova,São Paulo,MG,900625.8143809509
Casa Ampla com Quintal,84.86517133289188,2,1,2,Jardim Europa,Campinas,MG,387793.7242673851
Apartamento Moderno,144.9370204200655,3,4,1,Centro,Campinas,RS,502020.7802883755
Cobertura Duplex,74.30352559750244,3,3,3,Vila Nova,São Paulo,MG,615216.7415452823
Apartamento Moderno,93.5833816049778,4,4,0,Vila Nova,São Paulo,MG,643232.697643692
Sobrado com Piscina,84.02485166702373,3,2,1,Alphaville,Santos,RJ,760412.778633921
Cobertura Duplex,56.75582715139403,2,4,1,Jardim Europa,Campinas,RJ,367505.83604695357
Cobertura Duplex,67.61089317788873,3,1,1,Jardim Europa,Campinas,RS,216345.0013167151
Casa Ampla com Quintal,134.83070106303757,2,4,0,Jardim Europa,Campinas,SP,590599.286452789
Casa Ampla com Quintal,82.35674161041915,2,3,1,Centro,Campinas,MG,399056.7040594989
Casa Ampla com Quintal,93.0653464665404,5,1,0,Alphaville,Santos,SP,945157.629437765
Apartamento Moderno,119.6384233183917,2,2,1,Jardim Europa,Ribeirão Preto,RJ,687650.7612812062
Cobertura Duplex,56.31404162279691,4,4,1,Jardim Europa,São Paulo,RJ,338395.6183331788
Sobrado com Piscina,107.129006155472,5,1,0,Alphaville,Ribeirão Preto,MG,532637.6483702641
Sobrado com Piscina,106.91398597855391,4,2,1,Centro,Ribeirão Preto,RJ,525992.7383203979
Sobrado com Piscina,142.69309187587965,4,1,3,Alphaville,São Paulo,RS,516801.33509326156
Sobrado com Piscina,124.47173848327095,3,2,0,Vila Nova,Campinas,SP,244596.4841669423
Casa Ampla com Quintal,140.42463914370654,5,1,3,Vila Nova,Campinas,SP,438827.84094923385
Apartamento Moderno,115.19019024777094,2,2,2,Vila Nova,São Paulo,SP,429281.0534698952
Casa Ampla com Quintal,67.41762856659184,3,2,3,Alphaville,Campinas,MG,444269.11147856823
Casa Ampla com Quintal,135.38355518605596,5,2,0,Centro,São Paulo,RJ,214372.77146742924
Sobrado com Piscina,99.75324847983727,4,4,2,Vila Nova,Campinas,RS,801920.6873799671
Casa Ampla com Quintal,90.33909092864042,3,1,3,Alphaville,São Paulo,MG,702365.5142798058
Sobrado com Piscina,98.6815699831013,4,2,2,Vila Nova,Campinas,SP,700507.2832792802
Cobertura Duplex,71.13153769088163,3,4,2,Jardim Europa,Ribeirão Preto,SP,993617.1846122141
Casa Ampla com Quintal,93.88833102805248,2,4,0,Vila Nova,Ribeirão Preto,RJ,832574.9100663789
Apartamento Moderno,102.1663138427197,4,4,3,Vila Nova,Campinas,MG,330989.825180806
Sobrado com Piscina,134.44238590497872,3,1,2,Alphaville,Santos,MG,696227.8047771346
Casa Ampla com Quintal,125.34508449617074,4,2,2,Vila Nova,Santos,SP,484249.4416673788
Cobertura Duplex,81.48487638680277,3,2,3,Alphaville,São Paulo,MG,340181.55283528264
Apartamento Moderno,116.13665021111304,2,4,3,Vila Nova,Campinas,RS,238485.2454150975
Apartamento Moderno,93.21834924233539,5,3,0,Centro,Santos,RJ,577613.0625719823
Casa Ampla com Quintal,106.7815771853281,5,4,0,Jardim Europa,São Paulo,MG,820914.6895205651
Apartamento Moderno,97.78722009298735,4,2,0,Alphaville,Campinas,MG,220417.85880412476
Casa Ampla com Quintal,138.6969399806942,5,3,2,Vila Nova,Santos,SP,790777.9694849051
Sobrado com Piscina,74.08117057533985,5,2,2,Centro,São Paulo,RJ,930909.4359148734
Casa Ampla com Quintal,67.05488402289792,4,3,0,Alphaville,Ribeirão Preto,RJ,983751.1374820239
Casa Ampla com Quintal,82.8878278257366,5,3,2,Jardim Europa,São Paulo,SP,770402.3268272321
Sobrado com Piscina,50.62829912172839,5,1,3,Jardim Europa,Ribeirão Preto,SP,507560.60957965185
Casa Ampla com Quintal,94.529545611283,2,2,3,Jardim Europa,Santos,SP,271453.3074884533
Sobrado com Piscina,136.2010426418682,4,2,0,Alphaville,Campinas,MG,225491.03556627533
Cobertura Duplex,76.73386303238749,4,4,1,Jardim Europa,Campinas,SP,729871.746722226
Sobrado com Piscina,98.48133116221751,2,4,3,Vila Nova,Campinas,MG,366295.5727494553
Sobrado com Piscina,67.9818118765437,4,4,2,Vila Nova,Ribeirão Preto,MG,718556.487112022
Casa Ampla com Quintal,132.97093914554483,2,3,2,Centro,Campinas,RJ,272159.31600952585
Sobrado com Piscina,109.88412881184371,4,1,0,Alphaville,Campinas,MG,608039.1135686198
Casa Ampla com Quintal,59.49503882453906,4,1,3,Jardim Europa,Ribeirão Preto,RJ,440845.35694289487
Sobrado com Piscina,109.62251350514694,2,1,0,Alphaville,Campinas,SP,487459.4746370619
Sobrado com Piscina,76.4148690958276,5,4,1,Centro,Campinas,RJ,880313.5655835691
Apartamento Moderno,128.18874891975528,2,2,1,Centro,Campinas,RJ,635719.2165081012
Cobertura Duplex,114.92427054202187,3,3,2,Jardim Europa,Santos,MG,788764.5860934902
Sobrado com Piscina,99.04303401928586,4,2,1,Alphaville,Campinas,MG,891210.5173045425
Apartamento Moderno,130.4799707035907,2,4,2,Centro,São Paulo,RS,506307.8405307931
Casa Ampla com Quintal,107.67141576053768,4,4,3,Vila Nova,Santos,MG,697044.6778943795
Cobertura Duplex,99.84400016489018,4,4,2,Vila Nova,Campinas,RJ,750592.9165979307
Sobrado com Piscina,149.66374569758466,3,4,3,Alphaville,Campinas,MG,444887.5990376702
Apartamento Moderno,122.53624124910172,4,2,1,Alphaville,Campinas,RJ,614056.8680264275
Casa Ampla com Quintal,89.19372611921632,3,3,1,Alphaville,São Paulo,RJ,418804.2877811992
Sobrado com Piscina,117.07244547139368,5,1,1,Centro,São Paulo,RJ,822300.3077527607
Sobrado com Piscina,90.83448990402323,2,2,2,Jardim Europa,Santos,MG,265205.19770553516
Apartamento Moderno,111.09259472093734,2,3,1,Vila Nova,Ribeirão Preto,SP,239676.27029725548
Apartamento Moderno,74.37670265006133,2,1,1,Alphaville,São Paulo,SP,588831.2703991337
Apartamento Moderno,101.54344237415397,4,1,2,Alphaville,Campinas,SP,935037.6597020132
Apartamento Moderno,140.20324467618622,3,3,3,Alphaville,Campinas,MG,575801.1378612281
Casa Ampla com Quintal,80.82769647428421,3,3,3,Centro,Campinas,SP,991211.9086427215
Apartamento Moderno,73.5507227249046,4,2,3,Alphaville,Campinas,RS,679606.502307469
Cobertura Duplex,58.696066546581804,5,4,0,Alphaville,Santos,SP,303181.5205294107
Apartamento Moderno,89.97501552406041,5,1,0,Centro,São Paulo,MG,558610.8144651805
Apartamento Moderno,64.08174739694368,3,4,1,Vila Nova,São Paulo,RS,315868.62351230386
Casa Ampla com Quintal,113.68220991652329,5,2,1,Centro,Ribeirão Preto,SP,239651.20459505692
Sobrado com Piscina,92.52714324388083,3,2,1,Jardim Europa,São Paulo,RS,940156.684419598
Apartamento Moderno,62.04312761658647,3,4,3,Alphaville,São Paulo,MG,321017.3706634889
Sobrado com Piscina,91.76705484332086,4,3,0,Centro,Santos,RJ,523950.15199104504
Sobrado com Piscina,76.42963607654512,3,4,2,Alphaville,São Paulo,RJ,273847.10413568676
Apartamento Moderno,122.13729253341934,2,3,0,Centro,Ribeirão Preto,SP,601113.0459399694
Cobertura Duplex,119.74678180016247,5,1,1,Vila Nova,São Paulo,SP,259709.0829232923
Sobrado com Piscina,66.21047841127532,3,4,0,Vila Nova,Ribeirão Preto,RS,408445.4720835523
Sobrado com Piscina,66.52319465770546,5,4,0,Jardim Europa,Campinas,SP,946712.3225905533
Apartamento Moderno,112.32887266295053,4,4,1,Jardim Europa,Campinas,RJ,936422.4438719115
Cobertura Duplex,77.59254161875056,2,4,0,Jardim Europa,São Paulo,RJ,712084.5094041391
Casa Ampla com Quintal,75.53926521621393,2,4,3,Alphaville,Santos,MG,360408.03939332033
Sobrado com Piscina,74.37998671915953,3,2,1,Jardim Europa,Ribeirão Preto,SP,662457.0586909181
Casa Ampla com Quintal,68.52055906768398,2,2,0,Centro,Ribeirão Preto,RS,336917.2812162319
Apartamento Moderno,123.54804183879011,3,4,0,Centro,Ribeirão Preto,RS,682605.9588132468
Apartamento Moderno,87.44959918120847,3,3,1,Alphaville,Santos,RJ,855857.3488892977
Casa Ampla com Quintal,89.38583647919053,3,4,1,Centro,Ribeirão Preto,SP,218298.09872661147
Sobrado com Piscina,76.4276655181757,2,1,0,Centro,Campinas,SP,235149.108683265
Sobrado com Piscina,62.300101014674034,4,3,3,Vila Nova,Campinas,RJ,719153.9827206451
Apartamento Moderno,133.0861199865896,5,4,1,Jardim Europa,Campinas,SP,802222.0647816276
Sobrado com Piscina,127.32893060753628,2,1,3,Jardim Europa,Campinas,SP,255105.03882563702
Casa Ampla com Quintal,56.13725565542247,2,3,2,Centro,Ribeirão Preto,SP,343854.5112735906
Apartamento Moderno,143.1529224199076,3,1,2,Vila Nova,São Paulo,SP,948388.3412688005
Sobrado com Piscina,100.0727788940672,2,4,2,Vila Nova,São Paulo,RS,470953.38637241244
Cobertura Duplex,53.298332273030155,2,1,0,Centro,Santos,RS,672177.3197562189
Cobertura Duplex,104.26168075748338,2,4,3,Centro,Santos,RJ,217016.99580436395
Apartamento Moderno,131.03433046923723,5,4,2,Vila Nova,Ribeirão Preto,SP,998442.7319881308
Cobertura Duplex,76.4947826194893,4,1,0,Vila Nova,São Paulo,RJ,778453.8760569335
Casa Ampla com Quintal,97.67688013155256,5,2,0,Vila Nova,São Paulo,RJ,579768.7556373731
Apartamento Moderno,107.78106605161146,5,1,2,Jardim Europa,Santos,SP,579672.8534444454
Cobertura Duplex,71.20175534855511,3,2,3,Vila Nova,São Paulo,RS,316466.31317613815
Casa Ampla com Quintal,105.89016443008846,2,2,0,Jardim Europa,Santos,MG,203461.85637305983
Cobertura Duplex,78.52862603055151,5,3,3,Alphaville,Ribeirão Preto,SP,295670.2224711434
Cobertura Duplex,68.34491805614749,3,2,1,Alphaville,Ribeirão Preto,SP,757431.5692863052
Sobrado com Piscina,64.90169603262402,5,2,2,Centro,Ribeirão Preto,RS,345978.110873461
Apartamento Moderno,77.50755418806811,3,4,0,Jardim Europa,Ribeirão Preto,RS,386108.24574915494
Casa Ampla com Quintal,69.20284016284208,2,2,1,Vila Nova,Ribeirão Preto,SP,216400.68650624657
Apartamento Moderno,53.46664750340838,3,4,2,Centro,São Paulo,RJ,269703.86494581524
Cobertura Duplex,134.0585714495436,2,4,3,Jardim Europa,Ribeirão Preto,RJ,958605.0786146725
Cobertura Duplex,112.13859131998649,4,1,2,Alphaville,Campinas,RJ,557505.1537477524
Cobertura Duplex,148.96451288963468,2,1,0,Vila Nova,Ribeirão Preto,SP,409930.62959064194
Apartamento Moderno,123.46059624051597,4,1,2,Vila Nova,Santos,RJ,615355.4239744465
Cobertura Duplex,95.8613745487846,2,2,3,Vila Nova,Santos,RJ,412826.3709987519
Apartamento Moderno,52.17256858317906,2,4,2,Centro,Santos,RS,252814.31554686496
Apartamento Moderno,72.3414801197434,2,2,2,Jardim Europa,Santos,RJ,910286.5435313361
Casa Ampla com Quintal,129.86147928801228,5,4,2,Jardim Europa,Ribeirão Preto,MG,254872.7666982196
Cobertura Duplex,103.43868556525979,5,4,3,Alphaville,Santos,MG,499423.1060719961
Cobertura Duplex,111.8182314604665,3,3,1,Jardim Europa,São Paulo,MG,624673.9490451613
Casa Ampla com Quintal,91.80713905493249,5,3,0,Centro,Ribeirão Preto,RS,743167.6310883112
Cobertura Duplex,80.08952292738604,4,4,0,Centro,São Paulo,MG,908407.322824831
Cobertura Duplex,96.2583924884824,2,1,2,Jardim Europa,Santos,RJ,341496.95396724384
Sobrado com Piscina,87.457932935984,3,2,3,Vila Nova,Santos,MG,355999.792767669
Sobrado com Piscina,148.70327932240474,2,1,3,Vila Nova,Ribeirão Preto,SP,367905.4464554684
Sobrado com Piscina,93.83845143799348,5,4,0,Vila Nova,Ribeirão Preto,RJ,751398.592522304
Sobrado com Piscina,82.95657773473943,4,2,1,Centro,São Paulo,RJ,445504.4788780197
Cobertura Duplex,143.95393636664562,4,3,2,Alphaville,Santos,RJ,370524.86034526164
Cobertura Duplex,149.33286657068118,3,3,3,Vila Nova,Ribeirão Preto,SP,652536.5340034681
Casa Ampla com Quintal,59.199524933224666,2,4,2,Vila Nova,Campinas,SP,590719.7113044313
Sobrado com Piscina,145.64878687546008,4,3,1,Jardim Europa,Ribeirão Preto,MG,657386.9531982194
Apartamento Moderno,92.73718033988584,2,2,3,Alphaville,Ribeirão Preto,RS,891481.2414491283
Sobrado com Piscina,139.37981186568163,4,2,0,Centro,Campinas,SP,568637.601641143
Cobertura Duplex,119.98819911686189,5,4,0,Centro,Ribeirão Preto,MG,420133.74916606344
Casa Ampla com Quintal,51.92612399712962,5,1,2,Alphaville,Campinas,SP,645275.7844010049
Cobertura Duplex,120.86804104287675,3,4,1,Centro,Campinas,MG,269989.6038009016
Cobertura Duplex,104.85213139389587,5,4,2,Jardim Europa,Ribeirão Preto,SP,300456.11113425234
Sobrado com Piscina,118.0978211850343,4,3,1,Centro,Campinas,SP,531761.3305373697
Apartamento Moderno,85.0013766860132,4,2,3,Alphaville,São Paulo,RS,759046.8883935089
Apartamento Moderno,77.52146269300479,5,1,1,Vila Nova,Campinas,RJ,244742.1378099709
Sobrado com Piscina,86.64533945782202,4,4,2,Jardim Europa,São Paulo,RS,261848.8499802317
Apartamento Moderno,116.33855112286354,2,1,0,Centro,Ribeirão Preto,RJ,270339.82626569737
Cobertura Duplex,117.24018180108867,3,3,0,Jardim Europa,Ribeirão Preto,SP,931664.2994774746
Casa Ampla com Quintal,99.52247985943552,3,4,3,Alphaville,Ribeirão Preto,MG,691302.4430457046
Apartamento Moderno,126.23273008708229,4,2,1,Jardim Europa,Ribeirão Preto,MG,247871.74360488748
Casa Ampla com Quintal,59.29353611818069,3,1,1,Centro,São Paulo,RS,971391.8636663939
Sobrado com Piscina,120.69439955061111,3,1,2,Centro,Santos,MG,211381.5125125341
Cobertura Duplex,67.26890107391165,4,2,0,Alphaville,Campinas,RJ,902725.0116444901
Cobertura Duplex,66.87127597935844,3,3,2,Vila Nova,São Paulo,SP,792027.6411332067
Apartamento Moderno,99.0002262457578,3,2,3,Alphaville,Santos,RS,435277.7965104206
Casa Ampla com Quintal,86.88654522923942,3,4,0,Jardim Europa,Ribeirão Preto,SP,851682.733645234
Cobertura Duplex,125.5855257728828,3,2,0,Vila Nova,Campinas,RS,326349.3987204365
Sobrado com Piscina,66.98008197166561,3,2,1,Jardim Europa,Santos,RS,984288.1758473683
Casa Ampla com Quintal,78.73793063989923,2,3,1,Centro,Campinas,SP,604528.1348428379
Casa Ampla com Quintal,137.8129406249297,4,3,3,Vila Nova,São Paulo,RJ,417049.4731455991
Sobrado com Piscina,138.56552279141647,4,4,0,Centro,Campinas,RJ,435804.25645091437
Cobertura Duplex,97.41078106922318,3,3,0,Jardim Europa,Campinas,MG,964326.3141421815
Casa Ampla com Quintal,120.4853996311273,4,3,1,Vila Nova,São Paulo,MG,475149.8218346055
Casa Ampla com Quintal,56.18936768670889,5,1,1,Vila Nova,Ribeirão Preto,MG,619020.3125214044
Apartamento Moderno,126.80013150991755,2,4,0,Alphaville,Ribeirão Preto,RJ,541536.3260952423
Casa Ampla com Quintal,111.16584582906512,4,4,0,Alphaville,São Paulo,RS,219418.97640201641
Casa Ampla com Quintal,83.95440109611005,3,3,2,Centro,Ribeirão Preto,MG,432573.1126028668
Sobrado com Piscina,51.10783346476023,4,4,2,Alphaville,Santos,SP,642905.5775906837
Apartamento Moderno,124.6870715156217,5,2,2,Alphaville,Ribeirão Preto,RS,371501.2665697945
Apartamento Moderno,82.88514447724992,2,4,3,Vila Nova,São Paulo,MG,744090.9500261463
Sobrado com Piscina,73.94356866509973,5,4,3,Alphaville,Ribeirão Preto,SP,219222.73391266627
Casa Ampla com Quintal,141.20362185197354,2,1,2,Jardim Europa,Campinas,RJ,800621.0709136074
Cobertura Duplex,128.55101515730428,2,2,0,Vila Nova,Santos,RJ,820479.2436336561
Sobrado com Piscina,80.19976447372224,2,3,1,Jardim Europa,Campinas,MG,515876.5177421269
Sobrado com Piscina,135.2248716286772,4,2,1,Vila Nova,São Paulo,RS,446857.2594676615
Casa Ampla com Quintal,93.35886968865856,2,1,0,Alphaville,São Paulo,MG,378581.55501840817
Cobertura Duplex,69.69203950271397,2,2,1,Centro,Ribeirão Preto,RS,436525.17091514263
Casa Ampla com Quintal,133.6895833736094,3,3,3,Vila Nova,Santos,SP,656586.4898430493
Sobrado com Piscina,108.6431152804956,2,2,3,Alphaville,São Paulo,SP,704612.171161338
Sobrado com Piscina,63.32424639922621,2,4,0,Jardim Europa,São Paulo,SP,510260.03653977474
Casa Ampla com Quintal,125.2728542968237,2,2,0,Vila Nova,Campinas,SP,281202.3390823871
Sobrado com Piscina,118.16201716649223,4,1,1,Vila Nova,Campinas,RS,235366.34053232905
Apartamento Moderno,70.49919437413365,5,1,2,Vila Nova,São Paulo,RJ,791715.1251123454
Cobertura Duplex,137.70680994489547,4,1,0,Centro,Campinas,RS,827181.8375777025
Cobertura Duplex,138.26629537787682,3,4,1,Vila Nova,Campinas,RS,704381.8923233964
Casa Ampla com Quintal,75.78836487388398,4,3,3,Centro,Santos,SP,793608.1424998948
Apartamento Moderno,87.19309191748543,2,3,2,Centro,Ribeirão Preto,RJ,719215.8275766373
Cobertura Duplex,113.34281283791287,5,2,3,Jardim Europa,Ribeirão Preto,RS,588312.8544986489
Cobertura Duplex,63.64898389215057,2,1,2,Centro,São Paulo,RS,405736.86259001604
Sobrado com Piscina,123.42778466402589,2,3,1,Centro,Campinas,RS,551268.0988646242
Cobertura Duplex,103.35977648601013,4,2,0,Jardim Europa,Campinas,RS,685056.2790942308
Sobrado com Piscina,85.9035967972591,4,2,3,Centro,Ribeirão Preto,SP,435563.2403768591
Sobrado com Piscina,63.400906237666064,2,4,3,Vila Nova,São Paulo,RJ,628457.9649276547
Casa Ampla com Quintal,129.30509304610334,4,4,3,Alphaville,Ribeirão Preto,SP,859336.2255264322
Cobertura Duplex,131.7365948481955,3,2,3,Jardim Europa,Ribeirão Preto,RS,439996.48057475983
Apartamento Moderno,139.18671086956735,4,1,1,Alphaville,São Paulo,RJ,253048.67991448584
Sobrado com Piscina,62.72957031498512,2,4,1,Centro,Santos,RS,652782.1614171653
Casa Ampla com Quintal,145.52778465029934,3,1,2,Centro,Santos,RJ,535941.276880645
Apartamento Moderno,137.26740574659212,4,2,0,Centro,Santos,SP,662080.9892341329
Cobertura Duplex,89.78953037431327,2,1,3,Alphaville,Campinas,RS,351966.9264841223
Casa Ampla com Quintal,149.88110635015403,2,1,2,Centro,Santos,RJ,555835.9204095104
Casa Ampla com Quintal,104.85264836394575,2,3,0,Alphaville,Campinas,MG,234716.24168189918
